lat,lon,ele_m,name
27.98806,86.92521,8849,珠穆朗玛峰 ཇོ་མོ་གླང་མ། सगरमाथा
27.98503,86.92516,8749,珠穆朗玛南峰 ཇོ་མོ་གླང་མལྷོ། सगरमाथा दक्षिण
35.88165,76.51347,8611,乔戈里峰 کے ٹو
27.70301,88.14748,8586,Kangchenjunga
27.96199,86.93250,8516,洛子峰 ལྷོ་རྩེ ल्होत्से
27.70517,88.13778,8505,Yalung Kang
27.89144,87.08844,8485,मकालु 马卡鲁峰
27.69228,88.15401,8476,Kangchenjunga South
27.69634,88.15083,8473,Kangchenjunga Central
27.96094,86.93097,8415,ल्होत्से नुप १
27.96068,86.93759,8410,洛子中一峰 ལྷོ་རྩེ་ཀྱི་༡ ल्होत्से मध्य १
27.95875,86.94376,8382,洛子东峰 ལྷོ་རྩེ་ཤར ल्होत्से शार
27.95992,86.93998,8372,洛子中二峰 ལྷོ་རྩེ་ཀྱི་༢
27.96428,86.93230,8275,洛子北一峰 ལྷོ་རྩེ་བྱང་༡
28.09675,86.65963,8201,चोयु ཇོ་བོ་དབུ་ཡ 卓奥友峰
28.69761,83.48949,8167,Dhaulagiri
28.54998,84.55973,8163,मनास्लु
35.23846,74.58954,8126,نانگا پربت
27.96801,86.93261,8117,洛子北二峰 ལྷོ་རྩེ་བྱང་༢
28.59581,83.81992,8091,अन्नपूर्ण
35.72468,76.69762,8080,加舒尔布鲁木第一峰 گاشر برم اول
35.81369,76.56556,8051,布洛阿特峰 بروڈ پیک
35.23434,74.58582,8042,Nanga Parbat South Peak
35.75773,76.65327,8034,加舒尔布鲁木第二峰 گاشر برم دوم
28.35176,85.78207,8027,希夏邦马峰 ཤིས་ས་སྤང་མ།
35.81967,76.56661,8011,布洛阿特中央峰
28.35551,85.77788,8008,希夏邦马中央峰ཤི་ཤ་སྦང་མ
28.55461,84.56238,7992,Manaslu East Pinnacle
28.35670,85.77240,7966,希夏邦马西
35.75973,76.64195,7952,گاشر برم سوم
28.09803,86.74484,7952,ग्याचुङ काङ 格重康峰
27.89087,87.10036,7950,马卡鲁东峰
27.95920,86.92305,7942,ल्होत्से नुप २
28.53497,84.12182,7937,अन्नपूर्णा II
35.76168,76.61636,7932,加舒尔布鲁木第四峰 گاشر برم چہارم
28.10665,86.68488,7916,俄宗巴岗 I (丹增峰)
35.24822,74.59252,7910,Nanga Parbat Northeast Peak
27.71670,88.11038,7903,Kangbachen
28.43773,84.63670,7893,Himachuli
36.32474,75.18840,7885,Distaghil Sar
28.50393,84.56725,7871,Ngadi Chuli
27.96737,86.88696,7864,नुप्त्से १
27.87949,87.09960,7860,马卡鲁东南峰
36.20556,75.20764,7852,Kunyang Chhish
27.96610,86.88909,7827,नुप्त्से २
35.64338,76.30810,7821,ماشربرم
30.37608,79.97012,7816,Nanda Devi
35.25680,74.58758,7816,Nanga Parbat North Peak
27.96440,86.89104,7815,नुप्त्से शार १
27.93008,87.10751,7804,珠穆隆索
36.51057,74.52310,7795,Batura Sar
27.96258,86.89385,7795,नुप्त्से शार २
36.14265,74.48837,7788,Rakaposhi
35.25881,74.59046,7785,Nanga Parbat North Peak II
29.63129,95.05491,7782,南迦巴瓦峰/གནམས་ལྕགས་འབར་བ་
27.68727,88.17391,7780,Zemu Gap Peak
27.96914,86.88189,7775,नुप्त्से नुप १
36.20517,75.41610,7760,Kanjut Sar I
35.75459,76.66795,7758,加舒尔布鲁木第二东峰
30.92014,79.59266,7756,Kamet
28.76316,83.38738,7751,Dhaulagiri II
28.53914,84.13700,7744,?
28.10560,86.70550,7743,俄宗巴岗 II
35.39956,76.84733,7742,萨尔托洛岗日峰 Saltoro Kangri
27.97280,86.87569,7732,नुप्त्से नुप २
28.75403,83.37714,7715,Dhaulagiri III
27.68396,88.04400,7711,Kumbhakarna (Jannu)
36.25786,71.85045,7708,ترچ میر
35.40607,76.84720,7705,Saltoro Kangri II
28.35647,85.80848,7703,摩拉门青峰
30.43847,81.29615,7694,纳木那尼峰 གནས་མོ་སྣ་གཉིས།
27.96021,86.91344,7686,नुप्त्से शार ३
27.91402,87.07986,7678,康雄策
34.86650,77.75227,7672,Saser Kangri I
35.61297,76.57397,7665,Chogolisa
28.10700,86.71410,7664,俄宗巴岗 III (希拉里峰)
28.73575,83.31438,7661,Dhaulagiri IV
38.59452,75.31514,7649,公格尔峰 قوڭۇر تاغ / قوڭۇر توو
28.57830,83.80072,7647,Annapurna Fang
38.59695,75.32128,7625,公格尔东北峰
28.73406,83.36058,7616,Dhaulagiri V
36.43984,74.68066,7611,Shispare
35.26289,74.60895,7597,Nanga Parbat East Peak
27.95563,86.96514,7591,夏子一峰 ཤར་རྩེ་༡ शारत्से १
36.28841,75.07719,7577,Trivor
28.04729,90.45488,7570,岗嘎本松峰 གངས་དཀར་སྤུན་གསུམ་
27.94429,87.10028,7565,拉玛朗卓
28.58535,83.98911,7555,अन्नपूर्णा III
35.92408,76.56451,7545,斯坎格里峰 سکیانگ کنگری
28.02433,86.91519,7543,章子峰 བྱང་རྩེ
28.02632,86.90934,7541,章子西峰 བྱང་རྩེ་ནུབ
28.22731,90.61526,7538,库拉岗日 I
28.06440,90.44246,7535,良岗岗日
35.25919,74.61285,7530,Nanga Parbat Southeast Peak
36.25921,75.37588,7530,Yukshin Gardan Sar
38.61650,75.19581,7530,公格尔九别峰
28.53689,84.08356,7525,अन्नपूर्णा IV
35.14215,77.57739,7516,Mamostong Kangri
34.80448,77.80540,7513,Saser Kangri II
38.27611,75.11589,7509,慕士塔格峰
29.59585,101.87906,7509,贡嘎山
34.84480,77.78457,7495,Saser Kangri III
38.94301,72.01559,7495,Қуллаи Исмоили Сомонӣ
36.43297,71.83026,7492,نوشاخ
36.22640,75.25932,7492,Peak 11
35.83209,76.55635,7490,Broad Peak North
28.33396,85.79416,7486,彭巴日峰
28.61081,83.86290,7485,Khangsar Kang
28.73614,83.35058,7480,?
36.48690,74.59319,7478,Passu Sar
35.58010,77.07854,7462,特拉木坎力峰 I / Teram Kangri I
27.88160,88.13497,7462,琼桑峰 Jongsong Peak
27.68801,88.05954,7460,Kumbhakarna East
36.00287,74.87599,7458,Malubiting
27.94967,86.98338,7457,夏子二峰 ཤར་རྩེ་༢ शारत्से २
28.60565,83.96351,7455,Gangapurna
36.50346,74.55694,7453,Muchu Chhish
36.26152,71.83028,7450,Tirich Mir West III
36.26185,71.85762,7450,?
27.68758,88.04964,7450,?
35.66295,76.76121,7442,锡亚康戈里峰 سیا کانگری
42.03502,80.12951,7439,托木尔峰 - Жеңиш чокусу - تۆمۈر چوققىسى
30.36477,79.99658,7434,Nanda Devi East
35.29545,77.02187,7428,K12
28.39172,85.12704,7422,央然康日峰
28.22704,90.62840,7418,库拉岗日 II
34.87386,77.73534,7415,Saser Kangri IV
27.63500,88.11833,7412,Kabru North
35.85252,76.42703,7410,斯吉尔布鲁木峰 سکل برم
35.57105,77.08756,7407,Teram Kangri II/特拉木坎力峰 Ⅱ
36.37729,71.89751,7403,استور و نل
35.51783,76.80012,7401,Ghent Kangri
35.84064,74.89761,7397,Haramosh
36.39099,74.71650,7388,Ultar Peak
35.35457,77.36829,7385,Rimo I
28.73503,83.21810,7385,?
28.23215,90.63967,7381,库拉岗日 III
35.47222,76.78437,7380,Sherpi Kangri
35.60029,77.05110,7380,Teram Kangri III/特拉木坎力峰 Ⅲ
28.73192,83.20979,7371,?
28.74271,83.22885,7371,?
28.30335,86.34888,7367,拉布吉康峰
28.37159,85.77505,7365,野博康加日峰
27.79146,88.19714,7362,Kirat Chuli
30.93179,79.59998,7355,Abi Gamin
27.61854,88.12330,7353,Kabru Central
28.07310,86.61266,7350,Cho Aui I
27.74101,88.15830,7350,Gimmigela I
27.65556,88.13108,7349,Talung
36.31968,75.03419,7343,Momhil Sar
35.52755,76.80895,7343,Ghent Kangri 2
36.27032,71.81500,7338,Tirich Mir West IV
36.54753,72.11552,7338,Saraghrar I
36.22702,75.36249,7330,Yutmaru Sar
36.40117,74.69609,7329,Bojohagur Duanasir
36.42719,74.68886,7329,Bojohaghur I
27.82763,89.26783,7326,ཇོ་མོ་ལྷ་རི 绰莫拉日峰
28.07052,86.63555,7321,Cho Aui II
27.77699,86.98106,7319,Chamlang
27.60848,88.11121,7318,Kabru South
35.91680,76.42822,7315,崇塔尔峰
35.64567,76.66567,7312,Baltoro Kangri
28.14789,86.68456,7309,四光峰
35.63238,76.68054,7300,Baltoro Kangri III
36.21588,75.25469,7297,Pumari Chhish South East
36.10928,76.20769,7295,皇冠山
29.81413,94.96938,7294,加拉白垒/སྐྱ་ལྷ་པད་རི
28.38947,85.71992,7292,勃隆利峰
36.43333,71.86842,7290,Shingeik Zom
34.84304,77.74078,7287,Plateau Peak (Saser Kangri V)
28.07477,86.64985,7287,Chamar
27.78967,87.02047,7287,Chamlang East
35.86636,76.44548,7286,?
35.94753,75.75197,7285,Baintha Brakk
35.41811,76.55182,7282,K6 Peak
28.55186,85.54491,7281,岗彭庆
38.26601,75.10445,7277,喀拉雄
35.63059,76.69328,7275,Baltoro Kangri V
28.06703,90.45987,7275,岗松土久
35.82766,76.36036,7273,慕士塔格塔峰 مز تاغ ٹاور
30.88029,79.61428,7272,Mana Peak
35.63821,76.67210,7270,Baltoro Kangri II
35.63324,76.67795,7270,Baltoro Kangri IV
28.70839,83.27320,7268,Dhaulagiri VI
36.12703,74.65979,7266,Diran
35.70472,76.72917,7250,乌尔多克第一峰
28.30169,86.38352,7250,Lapche Kang III
28.74792,83.14544,7246,Putha Hiunchuli
35.53610,77.16951,7245,Apsarasas Kangri I
35.55599,77.12840,7245,Apsarasas Ⅲ
35.53914,77.14979,7245,Apsarasas Kangri I
38.58702,75.29246,7245,?
36.49152,74.64502,7243,پسو سر‬
30.95077,79.56775,7242,Mukut Parbat
35.37482,77.36182,7233,Rimo III
28.55982,85.53889,7230,岗布峰
38.60111,75.23052,7229,姜满加尔
28.25662,85.51680,7227,लाङटाङ लिरुङ
27.78405,87.00922,7222,Chamlang Central
28.25809,90.64811,7221,卡热疆 I 峰
28.51840,83.80634,7219,Annapurna South
28.26094,90.64513,7216,卡热疆 II 峰
38.62773,75.15467,7215,?
28.06418,86.97729,7213,卡达普峰
35.59905,76.98321,7207,Singhi Kangri
28.18617,89.95647,7207,同山加布 I 峰
28.94795,90.18019,7206,宁金抗沙峰/གནོད་སྦྱིན་གངས་བཟང་།
28.38240,85.68395,7205,朗当日
28.15549,90.07761,7204,康普岗 I 峰
36.36515,75.14743,7202,Malunguttil Sar
36.34683,75.01049,7200,Lupghar Sar
42.03832,80.10715,7200,Обелиск
28.67410,83.27566,7193,Gurja Himal
28.60735,83.88644,7193,Tarke Kang
38.29587,75.12358,7184,科克萨依峰
27.97155,86.43062,7181,乔格茹 I 峰
36.08965,74.63479,7178,Dome of Dirran
27.77682,88.18269,7177,Nepāl Peak
35.37780,77.37976,7169,Rimo IV
35.31515,80.91614,7167,昆仑神女峰
30.38919,90.55921,7162,གཉན་ཆེན་ཐང་ལྷ་ 念青唐古拉峰 Nyainqêntanglha
27.87206,86.97965,7152,Baruntse
30.56091,80.01099,7151,Hardeol
35.61284,76.59797,7150,Snow Dome
35.72969,76.61370,7147,گاشر برم پنجم
28.15596,90.06529,7147,康普岗西峰
29.64899,95.02837,7146,朗加堡
35.92671,75.82480,7145,Latok I
36.62400,74.31657,7142,Kampire Dior
36.53644,71.98661,7140,Uldren Zom
28.60146,83.94107,7140,Asapurna
28.73633,84.41780,7140,Nimjung
27.82059,88.17300,7140,Patibhara
30.75032,79.28829,7138,Chaukhamba I
28.01585,86.82735,7138,普莫里峰 पुमोरी
33.98209,76.02437,7135,Nun
36.30211,75.13487,7134,Bularung Sar
35.82992,76.43417,7134,Praqpa Kangri
39.34367,72.87793,7134,южная вершина пика Ленина
28.68292,83.81148,7134,Tilicho Peak
27.96735,86.33450,7134,珠穆赤仁玛峰
30.00580,80.92916,7132,Api
39.34698,72.87918,7128,Ленин Чокусу / Қуллаи Ибни Сино
35.64837,76.27726,7127,Mandu Kangri
28.53070,83.82310,7126,?
28.77233,84.42180,7126,Himlung
27.95298,88.84252,7125,Pauhunri 堡洪里峰
28.17169,89.94236,7125,特里岗
30.31316,79.77765,7120,Trisul I
35.22716,74.55463,7120,Mazeno
28.71658,83.27639,7120,Gama Peak
36.44760,71.84881,7119,Darban Zom
28.30707,85.80642,7119,聂朗日峰
28.37890,85.05519,7118,Ganesh NW
30.37076,90.58462,7117,念青唐古拉 II 峰
30.38265,90.57541,7111,念青唐古拉 III 峰
35.70216,76.69210,7109,Gasherbrum I South
36.25049,75.21761,7108,Kunyang Chhish North
35.92232,75.80418,7108,Latok II
39.05688,72.00968,7105,Қуллаи Озодӣ
28.34521,85.07958,7104,Pabil
28.55509,84.94372,7100,Chamar
28.38640,85.71197,7100,?
29.81726,94.96084,7100,白拉日/དཔལ་ལྷ་རི།
27.94962,88.84183,7095,?
29.66219,95.13749,7095,桑龙
35.63296,76.78958,7093,Mt Hardinge
30.89364,79.59533,7092,Mana NW
35.68796,76.74595,7082,乌尔多克第二峰
28.72174,83.27652,7080,Junction Peak
28.11298,86.91649,7078,立新峰
34.01393,76.05661,7077,Kun
30.84953,79.21434,7075,Satopanth
30.58218,80.02003,7074,Tirsuli
35.25859,74.63748,7074,Rakhiot
36.57972,72.08278,7072,کوه لنگر
28.30460,86.32201,7072,Lapche Kang II
35.19454,77.58473,7071,Chong Kumdan Ri I
36.40210,71.87578,7070,Nobaism Zom
28.52888,84.52332,7069,Thulagi Chuli
28.60660,83.91116,7069,Tare Kang
30.51562,79.86626,7066,Dunagiri
28.68908,83.74406,7061,Nilgiri North
27.86598,92.53133,7060,Kangto 康格多
30.73812,79.27958,7058,Chaukhamba II
36.55538,71.98961,7058,Kohe Shakawr
28.11422,86.99371,7056,卡达章格里
28.54656,84.94727,7050,?
28.37284,85.72208,7050,利松 / 富曲峰
29.90243,90.02558,7048,穷母岗日/ཆུང་མོ་སྒང་རྩེ
28.16468,90.18321,7047,增康布岗 I
30.36822,90.60080,7046,念青唐古拉 IV 峰
28.56575,85.54319,7044,?
28.33640,85.12049,7043,Salasungo
29.61738,95.05395,7043,乃彭峰
35.44138,76.59427,7041,Link Sar
27.87327,88.09108,7041,Janak Chuli
34.81228,77.78399,7040,Sakang Peak
35.92596,76.17418,7038,竺可桢峰
36.67196,72.23054,7038,Shah Dhar
28.73493,84.36694,7038,Gyaji Kang
30.57987,80.00268,7035,Tirsuli West
28.86498,84.37524,7035,Ratna Chuli
27.94317,88.83940,7032,?
29.88813,81.49348,7031,Saipal
35.44178,77.18117,7030,Padmanabh
29.83324,84.61028,7030,冷布岗日/བློན་པོ་གངས་རི།
28.03462,86.75957,7029,红旗峰
38.23952,75.12558,7028,阔斯库拉克峰
36.05691,74.96429,7027,Spantik
27.92748,88.85959,7024,托成约路
28.12932,86.64466,7022,巴龙日 / 觉吾吓北峰
28.09983,90.42728,7021,良岗岗日北峰
28.30784,86.37498,7020,Lapche Kang III West
28.06745,86.95164,7018,向东峰
28.27259,90.64802,7018,卡热疆 III 峰
36.67173,72.23015,7017,Akher Tsagh
35.07790,77.63645,7016,Skyampoche Ri
36.65912,72.16162,7016,Koh-e Urgunt
36.64712,74.35890,7016,Pamir Sar
42.21081,80.17501,7010,Хан Тәңірі - Хан-Теңири - 汗腾格里峰
27.95613,86.33688,7010,?
27.74678,88.17793,7007,Gimmigela II
38.23190,75.10961,7005,?
35.19786,77.53894,7004,Chong Kumdan Ri II
38.66450,75.13019,7004,Аклангам
36.66334,72.20896,6995,Kohe Tez
28.58392,84.54914,6994,Manaslu North
28.49798,83.94588,6993,Machapuchare
30.53309,79.99803,6992,Rishi Pahar
27.93741,92.66633,6990,Katoe Gyang | Kara Daadi | 聂吉岗桑 / 推岗日
28.15609,90.19777,6988,增康布岗 II
35.95653,74.96158,6986,Laila Peak
28.03810,86.96975,6986,拉克巴日 ལྷག་པ་རི
27.87783,86.97359,6985,Kali Himal
28.14924,90.21880,6985,增康布岗 III
28.48951,84.18861,6983,Lamjung Himal
28.65816,84.30089,6981,Kang Guru
27.80121,89.36437,6980,Goulung Ghan
35.70875,76.63222,6979,Gasherbrum VI
28.19644,85.80019,6979,Loenpo Gang
38.58850,75.25688,6978,?
36.61197,75.07904,6977,Karun Koh
28.77326,83.24018,6975,Kaya Chuli
30.72386,79.27437,6974,Chaukhamba III
36.41298,87.38422,6973,木孜塔格山
27.93671,88.83704,6970,?
27.96833,86.42465,6967,?
28.11204,86.95339,6966,东方 I 峰
28.17541,85.77865,6966,Dorje Lhakpa
27.97172,86.41516,6965,乔格茹 II
27.85432,88.19607,6965,Langpo Peak
35.65162,82.31276,6962,?
-32.65315,-70.01196,6961,Cerro Aconcagua
27.75422,86.57265,6959,Numberchuli
35.80527,76.64872,6956,那布岗日
30.90370,93.78490,6956,色浦岗日/བསངས་ཕུ་གངས་རི།
35.73879,76.60062,6955,Gasherbrum VII
28.31646,86.28589,6952,Colangma
35.64901,82.33665,6952,?
36.57175,74.39632,6951,Sani Pakush
35.59234,76.60518,6950,Kaberi Kangri
34.88475,77.80204,6950,Chamshen Kangri
38.94637,72.00145,6950,Душанбе
36.42582,74.56020,6949,Sangemarmur
28.11236,86.96652,6948,东方 II 峰
35.91900,75.83927,6946,Latok III
28.14149,90.10054,6945,康普岗 II 峰
28.19425,90.34180,6944,各贾岗日
27.85779,86.55326,6943,Tengi Ragi Tau
35.84579,76.58779,6942,?
28.03765,86.77255,6942,红旗东峰 / 布尔克岗
30.79785,79.06629,6940,Kedarnath Main
31.03275,79.50307,6940,Saraswati Parvat I
35.40950,77.21806,6940,Mahashrung
38.51033,72.35220,6940,Истиклол
38.50897,72.36112,6940,Қуллаи Истиқлол
28.67838,83.73538,6940,Nilgiri Central
28.52086,84.14103,6938,?
29.66085,95.00070,6936,?
29.89392,81.50548,6935,Saipal East (Tiger Top)
35.46598,76.57480,6934,K7
35.17072,77.82851,6934,Shahi Kangri
36.65218,74.42487,6934,Kuk Sar
31.01695,79.17904,6932,Sri kailas
30.50302,79.93927,6931,Kalanka
-32.65856,-70.01765,6930,Cerro Aconcagua Sur
34.02200,76.07998,6930,Lingsarmo
27.89713,88.05431,6930,Lashar I
28.15752,90.29537,6930,安比康雄
35.32587,80.91384,6930,昆仑女神峰Ⅱ
28.09062,86.81196,6927,红星峰
27.95036,88.17775,6927,曲登尼玛 Chorten Nyima
34.86201,77.87988,6925,Chhushku Kangri
36.02750,75.44783,6922,?
28.76508,83.23783,6921,?
36.65556,72.17639,6920,Koh-e Shaq
28.74495,83.55741,6920,Tukuche Peak
28.26012,85.49867,6918,Luri Himal
42.04501,80.08081,6918,聂鲁峰 Важа Пшавела
28.06913,86.89776,6916,长征峰
28.19268,89.97449,6916,同山加布 II 峰
27.87645,86.97020,6912,?
30.46765,81.29955,6912,纳木那尼 II
30.52794,79.96754,6911,Saf Minal
27.92921,88.83730,6911,Chijolabgye
30.98883,79.53007,6910,Chamrao Parvat
38.50083,72.35754,6910,пик Революции Южный
38.21008,75.14069,6910,?
28.72658,83.25736,6910,?
28.14485,90.02442,6910,杰杰康普岗
39.05244,72.01690,6909,Пик Корженевской Южный
28.36973,85.06147,6908,Ganesh V
28.08026,86.82520,6907,铜墙峰
30.86055,78.99469,6904,Thalaiyasagar
30.21390,80.42590,6903,Panchchuli II
35.38508,81.10391,6903,?
28.06679,90.50601,6902,珍康日 / 梅隆吉岗 Zhen Kangri / Melunghi Kang
28.17205,90.06231,6902,什磨日
30.46061,81.35376,6902,古纳拉
36.77543,72.44006,6901,?
36.77750,72.43722,6901,Lunkho-e-Hawar
35.22039,74.52081,6900,?
35.21950,74.52739,6900,?
28.89656,84.26007,6900,?
34.94110,78.18265,6897,Kataklik Kangri I
28.51160,84.16293,6897,?
28.05154,86.54974,6895,Lunag Ri
27.92632,87.05438,6893,查戈
36.65704,72.18879,6892,Koh-e Shayoz
28.21174,85.77363,6891,多尔雪山
28.37342,85.82352,6891,热强 I
38.20422,75.11297,6890,?
27.90977,92.62671,6890,Kawang Gyang | Chomo | 绰莫 I
29.89373,81.03200,6890,?
27.98508,88.65512,6889,Kangchengyao
27.71123,88.31775,6888,Siniolchu
28.67285,83.73561,6887,?
29.63785,101.92323,6886,中山峰
29.37597,82.63788,6883,Kānjirobā
28.06235,92.66372,6883,?
35.73720,76.58267,6882,Twins
29.16647,96.72208,6882,白日嘎
27.82438,88.10082,6881,Drohmo
38.89637,72.03032,6875,Россия
35.33074,80.92870,6875,昆仑神女峰Ⅲ
42.05374,80.24977,6873,台兰西峰
36.73034,73.23963,6872,Koyo Zom
29.88736,81.49214,6872,?
36.45170,74.47082,6870,Hachindar Chhish
30.30256,93.65250,6870,乃朗峰/གནས་ནང་རི
36.77556,72.39333,6868,Lunkho-e-Dosare
28.24911,85.74790,6865,Ramthang Karpo Ri
30.50044,79.92667,6864,Changabang
35.14823,77.62066,6864,Thangman Kangri
35.39868,77.31414,6863,Terong Kangri
28.34639,85.10854,6863,?
30.28108,80.06678,6861,Nanda Kot
28.07501,86.76504,6861,努普拉岗峰
27.88743,88.06278,6860,Lashar II
36.02494,90.86677,6860,布喀达坂峰
29.76622,82.75002,6859,卡却岗日
28.01364,86.78783,6859,Chumbu
38.20718,75.13207,6858,扩扩色勒峰
27.83950,88.20142,6857,Langpo South
30.85015,79.14691,6856,Bhagirathi 1
30.28974,79.82925,6855,Mrigthuni
30.86637,79.64870,6855,Deoban
27.82077,88.10602,6855,?
30.72296,79.25633,6854,Chaukhamba IV
27.75765,86.59532,6853,Khatang
28.05409,86.90443,6852,尖兵峰
35.64176,76.54571,6851,Khumil Gri
35.46270,77.17609,6850,Lakshmi
42.03502,80.15086,6850,Советской Армении
29.88152,81.04077,6850,Jethi Bahurani
36.82889,72.42861,6849,Koh-e Hevad
28.43456,85.65921,6846,达曲峰/普热普日
29.82369,94.87141,6846,支巴岗日/གྲིབ་པ་གངས་རི།
38.50564,72.32143,6842,26 Бакинских Комиссаров
39.31754,72.88487,6842,пик Маршала Жукова
30.34339,93.91518,6842,曲果/ཚུ་མགོ།
38.97341,72.05122,6841,пик Известий
28.65411,83.72965,6839,Nilgiri South
27.81790,87.00939,6833,Hongku Chuli
30.81032,79.07642,6831,Kedarnath Dome
36.13987,75.43897,6831,Kanjut Sar II
38.51257,72.35836,6831,Истиклол Шимол
35.32269,74.67520,6830,Chongra
35.32319,74.68982,6830,Chongra
28.03411,88.54586,6829,确母约母清/卓木玉莫峰 Chomo Yummo
36.59250,72.03278,6827,Languta-e Barfi
35.02664,77.14822,6826,La Yongma Ri
36.05817,74.74117,6824,Emerald Peak
36.04745,74.82625,6824,Miar Peak
35.99611,76.76652,6824,Durbin Kangri I
28.27766,90.63265,6824,卡热疆 IV 峰
28.01903,86.78981,6822,琼布北峰
31.69767,85.06189,6822,ཤར་གངས་ཅན 夏康坚
35.85909,76.83256,6821,Burnag Kangri
34.90219,78.20768,6820,Kataklik Kangri II
31.88547,78.74128,6816,Reo Purgyil
42.05344,80.24249,6816,?
28.33124,85.16283,6816,Ganesh VI
36.54646,71.93816,6815,Kohe Nadir Shah
42.06573,80.28405,6814,台兰峰
27.86210,86.86043,6814,Ama Dablam
28.23652,90.31159,6814,色曲的岗日
36.17927,70.98335,6812,کوه بندکا
27.67876,88.24052,6812,Simvo
29.83979,94.94342,6812,森塘布
27.68018,88.23084,6811,?
35.67361,76.40631,6810,Gondogoro Ri
35.91477,76.88886,6810,Kaimuk Kangri
28.75395,83.54651,6810,?
27.84395,89.33531,6809,吉楚锥柯
29.95757,81.01940,6808,Bobaye
30.78063,79.24000,6805,Janhukut
28.67498,84.32876,6805,?
29.20216,96.69519,6805,洛布青峰
27.95902,88.16247,6804,吉吾邦  (曲登尼玛 II) Gyiubang (Chorten Nyima II)
27.98048,88.12140,6804,射强
30.27118,79.87185,6803,Maiktoli
31.00708,79.12961,6803,Sri Kailas West
35.84907,76.49117,6802,Angelus
27.76560,88.08359,6802,Ramthang Chang
27.93939,86.52329,6801,Drangnag Ri
34.02883,76.08170,6800,P 6800
35.93289,75.76426,6800,Ogre II
42.12242,80.26749,6800,友谊峰 - دوستلۇقنىڭ يۇقىرى پەللىسى
30.96483,79.21220,6796,Pilapani Parvat
30.94912,79.24168,6794,Mana Parbat I
32.53069,78.39511,6794,盖亚山 Gya
30.87569,79.17601,6792,Vasuki Parvat
36.28874,76.38491,6792,Surukwat Kangri
28.01939,86.81467,6792,康里东峰
27.88681,87.98466,6792,?
31.90223,78.74275,6791,Leo Pargial/列俄帕尔格阿勒峰/ ལྷས་འོག་བར་གད་ཡ་ལེགས་རི/列俄帕尔格阿勒峰
42.06251,80.29462,6790,?
34.60581,77.89981,6789,Arganglas Kangri
30.28731,79.85025,6788,Devtoli
27.85628,88.17785,6786,Langchung Khang
36.02993,74.86517,6785,Juto Sar
38.94841,71.83399,6785,Москва
28.36295,91.13464,6785,打拉日/དར་ལྷ་རི
27.79302,86.81748,6783,Kangtega
35.67658,76.39421,6781,بیارچیڈی
34.78409,78.41664,6780,加勒万冈日峰
39.32956,72.97042,6780,Октябрьский пик
28.66304,84.32264,6780,?
28.04307,86.56329,6778,Jobo Rinjang
35.37145,81.17756,6778,?
31.01464,79.50794,6775,Saraswati Parvat II
30.88114,79.00298,6772,Bhrigupanth
35.80212,76.23774,6772,Biale Kangri
28.33140,85.16117,6772,扎拉松果康日
30.95138,79.25450,6771,Mana Parbat II
27.87501,86.50888,6771,Takargo
30.83846,79.20065,6770,?
35.95525,74.93628,6770,Laila Peak West
28.71191,83.47006,6770,?
35.72867,76.08859,6769,Choricho
42.23418,80.36556,6769,却勒博斯峰
27.75488,86.82233,6769,Kyashar
28.44492,85.64541,6769,普热峰/岗普日
-9.12123,-77.60430,6768,Huascarán Sur
-9.10173,-77.62122,6768,Huascarán Norte
28.65862,85.43172,6767,Chalung Ri
28.17210,90.22742,6766,增康日
27.82544,86.97708,6764,Hongku Chuli West
28.93025,90.17512,6763,?
42.03737,80.19803,6762,小台兰峰
28.37537,85.83774,6761,热强 II
30.96545,79.54752,6760,?
38.86756,75.10745,6760,阿依拉尼什雪山
29.38530,82.64227,6760,?
-28.01882,-68.75629,6759,Cerro Bonete Chico
28.88899,84.12688,6759,Khumjungar
27.77293,87.09937,6758,Tutse
28.29926,85.73602,6757,Pemthang Ri
35.20856,76.98865,6754,چومیک
35.54820,76.86774,6754,The Hawk
28.15721,87.05760,6753,德生峰 / 切弄日
27.86317,86.99048,6752,?
34.61906,78.07781,6751,Kunchang Kangri
28.79033,83.23801,6750,?
28.88725,84.29438,6750,?
27.89687,87.96414,6750,?
27.89589,88.07948,6750,?
28.00382,88.04911,6750,?
36.72407,84.60218,6748,四岔雪峰
42.05043,80.29418,6747,台兰南峰
36.18587,70.98037,6745,?
36.58921,71.90775,6745,Kōh-e Keshnī Khān
30.04305,81.10704,6744,Yokapahad I
27.87121,86.95610,6740,Amphu I
28.43940,98.68438,6740,卡瓦格博峰
30.87170,79.25734,6739,Chandra Parbat
27.95724,87.01520,6739,白当策 པེ་ཐང་རྩེ पेथाङ्त्से
27.82392,87.04706,6736,Peak 4
34.09552,79.84026,6735,太冬杰久
27.90710,86.44162,6735,康拉
27.91945,86.98199,6735,Cho Polu
28.06929,90.40934,6734,?
28.93187,90.15788,6733,舵果龙峰
27.91747,92.60777,6733,Chomo II 绰莫 II
27.96490,88.14466,6731,康甲朗 Kang Gyalang
30.95503,79.22044,6730,Mana Parvat West
29.90142,81.45601,6730,?
30.00590,80.99358,6729,Nampa
30.88236,79.24809,6728,Chandra Parbat NW
28.18547,90.16845,6728,晓拉日 I 峰
30.68309,79.70638,6727,Hathi Parbat
30.69087,79.70411,6727,HATHI PARVAT
35.13650,77.06630,6727,Gyong Kangri
37.16087,72.48092,6726,пик Карла Маркса
28.04515,86.74914,6726,红旗西北峰 / 塔尔克岗
33.72526,78.52744,6725,Kangju Kangri
38.56786,72.38349,6725,Фиккера
28.20611,87.60895,6724,尼诺日
36.02250,79.33342,6722,Kashugul Pyramid
28.25320,90.53661,6722,杠沙
30.80971,79.22551,6721,Swachhand Peak
31.01361,79.07146,6721,Matri
30.13649,82.19939,6721,库比岗日 / 拉查玛
-31.97927,-70.11309,6720,Cerro Mercedario
-27.11374,-68.55665,6720,?
32.80825,81.00105,6720,昂龙岗日 ངང་ལུང་གངས་རི
27.80934,86.54095,6719,Likhu Chuli
39.34649,72.78380,6717,пик Дзержинского
36.57835,71.89941,6716,?
31.02309,79.12214,6715,?
38.53892,75.28015,6715,库克色勒峰
27.98109,88.69959,6715,Gurudongmar
28.02813,86.85449,6714,林禅峰 लिंगट्रेन
28.12915,86.77223,6711,九大峰
42.05435,80.29333,6710,?
28.16598,89.76593,6710,Masang Kang - 玛桑岗
30.71106,79.69932,6708,Gauri Parbat
39.34146,72.77594,6705,?
28.68751,84.32503,6704,Chombi
30.85968,79.17502,6702,Vasuki S
42.04919,80.04413,6701,Неру 涅鲁峰
35.84705,79.57334,6700,Khan Yalik
36.65535,72.19583,6700,Koh-e Shogordok
28.20260,85.81540,6700,Bhairav Takura
27.89226,87.96838,6700,?
28.13770,90.03521,6700,?
28.17459,89.99734,6700,?
28.68662,83.76641,6698,?
28.57321,85.50370,6698,夏当峰
28.46145,84.68694,6693,Rani peak
30.57821,94.46740,6692,勒普
27.57732,88.21717,6691,Pandim
36.21688,82.03571,6691,Selik Gulam Muztag
30.20815,93.42121,6691,哈巴康布
30.29483,79.77405,6690,Trisul II
30.81171,79.07574,6690,?
39.34922,72.95671,6690,Пик Единства
27.80418,86.56887,6687,Pāniyo Tāpā
34.52631,78.28647,6685,Charbagh Kangri
38.96426,72.02141,6685,Хохлова
27.88144,86.48922,6685,Tsoboje
27.79671,86.80881,6685,?
27.89958,88.87173,6685,乱波仁青
30.82376,79.24045,6684,?
29.56831,101.89163,6684,龙山
39.34769,73.04343,6683,Кызылагын
38.97188,72.05599,6682,40-летия Узбекистана
39.06568,72.00252,6682,?
27.85536,87.10820,6682,谢尔松西北峰
28.34651,91.15044,6682,夏拉拉岗 ཤར་ལ་ལ་སྒང་།
28.56725,85.50419,6681,夏当南峰
28.37586,85.84124,6681,热强 III
30.04989,81.09880,6680,Ураб
30.33933,79.88019,6678,Devasthan I
30.99811,79.11843,6678,Yogeshwar
27.59461,88.08980,6678,Rathong
28.10311,89.54751,6678,岗钦达
36.72887,74.10039,6677,Koz Sar
28.39165,85.18680,6676,普拥 Puyung
28.23684,90.56529,6676,接响
27.85584,86.56511,6675,?
28.85116,90.20663,6674,Kalurong
27.86512,87.99211,6673,Pandra
30.91866,78.84600,6672,Gangotri I
28.37623,84.67681,6672,Bhauda Himal
28.49889,85.58892,6671,郭巴隆峰
27.68020,88.25403,6671,?
30.80270,79.06836,6670,?
28.27098,85.63050,6669,Shalbachum
28.08555,87.60735,6669,阿玛直米 I
27.76733,86.82360,6668,?
30.83859,79.23583,6666,?
32.93301,78.45716,6666,Lungser Kangri
28.21103,89.92321,6666,?
27.89772,86.52041,6664,?
30.29020,79.95497,6663,Panwali Doar
36.70349,73.06449,6662,Thui II
36.72537,73.17178,6662,Thui I
28.55560,85.50779,6662,纳淌峰
27.85326,89.33009,6662,汤嘎龙拉
30.86721,79.03382,6660,Meru Peak
28.16901,89.76890,6660,?
34.99037,77.22528,6659,Thusa Kangri
27.80544,86.52257,6659,Big Phera-Go Nup
-27.19587,-68.56104,6658,Walther Penck
28.02327,86.80086,6658,康里西峰
30.90663,93.76083,6656,Sepu Lhazo Bumbla
32.31737,78.54506,6655,喀赛咯尔日
30.99445,79.09338,6654,Chaturbhuj
27.77436,86.90804,6654,Peak 41
28.65123,83.85095,6652,?
27.68631,88.02511,6652,Phole South
29.62633,101.90618,6652,贡子峰
28.64309,83.85531,6650,?
27.79648,86.56811,6650,?
28.87363,84.15988,6650,Chhiv Himal
28.23722,90.60496,6650,?
30.91368,93.77525,6650,Turquoise Flower
30.31016,79.87134,6648,?
28.49749,85.15730,6648,Langbo Kangri / Riogbanba
30.35229,94.01461,6648,垭宁作普
27.95703,86.51425,6647,Khang Karpo
28.80064,91.96529,6647,雅拉香波/ཡར་ལྷ་ཤམ་པོ།
29.85944,82.70573,6647,绒来岗日
31.94720,78.76354,6646,Ninjeri
38.99507,72.09267,6645,пик Ахмади Дониша
27.68654,88.00701,6645,Phole Sobithonje
35.20001,78.63799,6644,团结峰
30.05307,81.09337,6644,Yoka Pahad II
28.58125,85.49812,6643,夏当北峰
32.57296,78.30943,6642,Undung Kangri
38.98396,72.05802,6641,пик Клары Цеткин
28.12027,90.41592,6640,?
28.77979,83.46073,6639,Mukut Himal
36.04775,80.11891,6638,?
29.95088,81.11990,6638,Dhaulagari
31.06784,81.31193,6638,གངས་རིན་པོ་ཆེ 冈仁波齐峰
42.21922,80.25080,6637,Шығыс Шатыры - 东方帐篷
28.53395,85.51051,6637,达热坚峰
28.12882,85.86854,6637,普尔波加竹雪山
28.02191,86.87219,6636,孔布则峰 ཁུམ་བུ།་རྩེ खुम्बुत्से
-10.26862,-76.90556,6635,Yerupajá
30.58683,79.97948,6635,?
27.89583,86.97335,6635,Num Ri
28.01962,88.06478,6634,康郎阿
28.17673,92.76766,6633,达巴西里
30.85470,78.85618,6632,Jaonli
32.09054,77.73467,6632,Parvati Parbat
28.32824,85.72664,6632,Goldum
27.98209,88.68482,6630,Gurudongmar West
30.21496,94.19049,6630,错堆峰
29.41198,82.56017,6627,Kande Hiuchuli
42.26254,80.88869,6627,雪莲峰
27.93155,88.79794,6626,?
30.37151,94.02111,6626,色多
28.08004,87.60518,6625,阿玛直米 II
29.61415,95.04367,6625,?
31.03992,83.43993,6625,?
29.71901,82.79851,6623,章地
27.78997,86.78521,6623,थम्सेर्कु
32.96133,78.44263,6622,Chamser Kangri
28.20887,86.69777,6622,军民西峰
30.91020,93.75099,6621,Lhallum Tamcho
33.49607,91.16674,6621,各拉丹冬峰
30.46055,80.01983,6620,Deo Damla
28.62959,84.68230,6620,Pangpoche I
28.32881,85.72455,6620,?
30.30789,93.54092,6620,森的厚
30.85925,93.91331,6619,玛沃岗日Nawu Kangri
27.79572,86.80746,6618,?
29.73410,101.91671,6618,爱德嘉峰
35.81191,76.16724,6617,Kruksum South
28.13475,86.94574,6617,前进峰
39.45611,73.56741,6614,Курумды
28.08124,90.36846,6613,穷哈日岗
30.29591,93.54695,6613,初切波
30.78126,79.12933,6612,Kharchakund
39.06925,72.13118,6612,Тухачевского
29.23251,82.87416,6612,Kānji̇̄robā Himāl
28.20008,89.94540,6612,康日孜松
30.30175,79.97835,6611,Nanda Khat
28.78208,83.48383,6611,Sita Chuchura
29.98120,81.01549,6611,?
35.71514,76.11688,6610,Paiju Peak
28.78152,83.47356,6610,?
28.35253,85.65937,6609,曲松多日
30.00583,81.12729,6609,Raksha Urai III
27.96652,88.28595,6607,寇拉岗 I Kora Kang I
35.28845,74.55407,6606,Ganalo Peak
28.20642,86.71520,6605,军民东峰
30.61548,94.38769,6605,琼拉莫波
38.96680,72.06801,6603,Пионерской Правды
28.74553,83.11960,6603,?
28.29641,85.66791,6601,Kyunga Ri 1
27.75120,88.09357,6601,Ramthang Lho
35.33343,74.68158,6600,?
28.74403,83.11590,6600,?
27.76212,86.56505,6600,?
28.88661,84.30744,6600,?
28.24615,85.46995,6600,Lirung II
28.24080,85.74728,6600,?
28.25663,85.74210,6600,?
27.90613,88.02730,6600,德吉讷
28.16973,90.01391,6600,?
28.73627,83.14286,6598,?
30.29860,79.94277,6596,?
30.73092,79.40420,6596,Nilkantha
28.15772,86.56254,6596,乔拉藏
38.81107,72.07181,6595,Гармо
28.32552,85.73184,6595,?
31.95367,78.36448,6593,Manirang
28.10185,86.60235,6592,中尼友谊峰 China - Nepal Friendship Peak
36.73234,84.56915,6592,?
28.17555,85.81749,6591,Madiya Peak
-27.19962,-68.55655,6590,Walther Penck Sur
30.90541,78.85755,6590,Gangotri II
38.51500,75.27711,6590,?
28.18625,87.61430,6590,尼诺日南峰
30.47059,86.55787,6590,?
30.83672,91.48888,6590,桑丹康桑峰
30.29353,93.78206,6590,穷姆打支
30.87431,93.97556,6590,扎西它丁
31.00639,79.19817,6587,?
30.12785,94.23587,6586,日西米岗日
31.92346,78.75986,6585,Granite Peak
27.58872,88.13187,6585,Kabru Dome
30.01259,80.95776,6585,?
28.73682,84.03510,6584,Chulu
-27.12465,-68.56029,6580,?
36.50302,71.88838,6580,?
36.36865,75.27497,6580,Ardver Sar
28.08248,87.62090,6580,阿玛直米东峰
34.27185,80.85198,6580,?
35.99437,81.59343,6580,?
30.80607,79.03527,6578,Bhartekunta
28.59095,85.49736,6578,吉纳巴杂峰
28.40052,91.12117,6578,岗觉罗
30.88264,78.86946,6577,Gangotri III
33.60694,76.13061,6574,Sickle Moon
36.04673,74.82566,6574,Saddle Peak
36.03824,74.85646,6574,Phuparash
33.67549,76.30801,6573,Doda
27.80816,86.86585,6573,Malāṅphulāṅ
28.11000,86.82660,6573,曙光峰
35.82053,76.17107,6572,克鲁克苏姆北峰
28.00410,86.51915,6572,Pangbuk Ri
42.03788,80.50424,6571,琼库孜巴依峰
-33.35839,-69.77037,6570,Cumbre Sur
28.66000,83.30486,6570,Konabon Peak
30.54344,94.44017,6570,琼波波绒
30.47492,80.01074,6568,Mangraon
30.92580,78.99813,6568,Manda II
38.99998,72.07746,6567,пик Ахмади Дониша Северный
28.25649,85.60553,6567,Yansa Tsenji
28.81410,84.43050,6566,Phu Khang North
-33.35443,-69.77074,6565,Cumbre Norte
30.98726,79.15199,6565,Atal - 1
37.11541,72.49977,6565,пик Таджикистана
42.10622,80.26147,6565,?
-33.35903,-69.76604,6563,?
28.06474,86.91058,6563,建设山
28.15212,85.77524,6563,?
30.30259,82.12829,6563,藏拉山
36.79742,84.91518,6563,?
33.98893,76.03844,6560,White Needle
27.77675,86.56571,6560,?
28.08755,89.53306,6560,策加岗
30.42675,80.29703,6559,Chiring We
30.82851,79.60375,6559,Mandir Parbat
28.65733,83.84291,6559,?
39.46020,73.54059,6558,Курумды Западная Южная
30.85870,79.25479,6557,Chandra Parbat S
30.99626,79.15225,6557,Atal-2
28.46630,85.60007,6557,郭洛峰
28.84319,83.49678,6556,Hongde
29.36851,82.77809,6556,Tsho Karpo Kang
30.30139,82.14834,6556,昂若
39.46200,73.54294,6554,Курумды Западная Северная
27.94875,88.24895,6554,寇拉岗 II Kora Kang II
31.35369,78.61378,6553,Rangrik Rang
32.12548,77.71047,6553,Kullu Pumori
35.42533,76.50784,6553,Thanda Parbat
36.84306,72.65472,6553,Rahozon Zom S
29.32619,82.73520,6553,Tripura Thumba
39.05651,72.13923,6552,Карпинского
27.87233,86.55279,6552,Langmoche Ri
30.01489,81.13220,6552,Raksha Urai IV
36.15480,72.32686,6551,Buni Zom
35.22721,74.49909,6550,?
28.16102,85.78097,6550,?
27.94310,88.20554,6550,?
28.03438,90.44854,6550,?
30.22166,93.41128,6550,?
30.57878,94.20760,6550,夺嘎
30.51827,79.96337,6547,?
28.18804,90.40132,6547,巴里加岗日
33.12860,78.44352,6546,Chalung
35.42999,76.51082,6544,Kapura Peak
35.82324,76.19330,6544,克鲁克苏姆东峰
30.88000,79.06311,6543,Shivling
38.49554,72.37112,6542,Туманный
28.37396,91.13887,6542,哲玛母勇
30.14476,94.16012,6542,林布岗则嘎波
35.60788,79.94743,6540,Cholpanglik I
35.79279,79.59273,6540,Kor 65
29.77574,101.88665,6540,嘉子峰
30.25479,80.37545,6539,Rajrambha
30.31174,79.94858,6538,?
27.72343,88.29998,6538,?
42.04168,80.00575,6537,Памяти экипажа «Союза-11»
34.22297,78.65751,6536,Chang Chenmo Kangri
28.76730,83.09874,6536,Dogari Himal
27.83982,87.02601,6535,?
28.32560,91.10194,6535,茶拉托岗
33.39726,78.44178,6534,Chakula
30.57925,94.46447,6534,勒普卫峰
30.97144,79.71823,6532,加内希-帕马巴特山
27.87206,89.36812,6532,次仁岗/养莫可朗
28.69238,83.78541,6530,?
28.15464,85.77980,6530,?
29.81279,84.63479,6530,普拉喜琼
30.34956,79.88056,6529,Devasthan II
30.90521,79.00057,6529,Manda III
31.03471,79.05319,6529,Chirbas Parbat
28.68101,83.24537,6529,Ghustang
29.68265,83.00797,6529,巴穷哈姆
42.12049,80.24103,6527,?
42.25316,80.90617,6527,雪莲南峰
42.25959,80.95799,6527,雪莲东峰
30.84208,79.25025,6526,?
32.13685,77.77594,6526,Shigri Parbat
27.91692,86.52820,6526,?
38.51453,75.28387,6525,克孜色勒峰
29.39044,96.49486,6525,岗日噶布拉峰（Gemsong）
28.83067,84.40083,6524,Phungi
28.19193,90.16101,6524,晓拉日 II 峰
30.52883,79.89765,6523,?
34.90976,77.14415,6523,Rirap
28.92616,90.18630,6522,?
35.07664,76.97214,6521,Gharkun
29.41727,82.58222,6521,?
30.86359,79.68053,6520,Bidhan
36.59291,73.34159,6518,Ghamubar Zom
28.18250,85.81385,6518,?
32.54600,77.41154,6517,Mulkila
27.94534,88.80617,6517,?
33.54491,76.46451,6515,Hagshu
36.87750,72.95889,6513,Koh-e Baba Tangi
28.64267,85.43907,6513,都当峰
30.88400,79.13558,6512,Baghirathi Parbat II
30.93958,78.99647,6511,Manda I
42.21666,80.22853,6511,Батыс Шатыры - 西边帐篷
27.73347,86.61184,6511,Karyolung
30.28157,80.37569,6510,Chaudhara
36.01923,75.49209,6510,?
35.72295,78.68738,6510,喀拉喀什山
37.17159,72.51932,6510,Пик Энгельса
27.77273,86.82214,6510,?
28.17028,85.81749,6510,6510
39.01059,72.10928,6509,пик Калинина
28.51276,98.60654,6509,错改腊卡
36.04803,75.54869,6508,Biafo Hispar Peak
30.97676,79.09403,6507,Sudarshan Parbat
31.03115,79.45911,6507,?
32.03684,77.77656,6507,Dibibokri Parvat
32.02557,77.78626,6507,?
38.93204,71.90676,6507,Ленинград
28.30318,85.66243,6506,Kyunga Ri 2
28.56033,83.98364,6505,?
28.19797,91.86414,6505,空布岗
30.60509,79.96562,6504,Gorur Parvat
30.82812,79.15847,6504,?
33.45921,91.12680,6503,?
36.85222,72.65250,6502,Rahozon Zom N
38.53324,72.38157,6502,Грина
28.15196,90.12879,6502,康普岗 III 峰
30.48022,93.63195,6502,益西多吉
28.58949,83.88151,6501,Singu Chull
28.80060,84.01680,6500,Purpung Himal
28.14319,85.87134,6500,Jugal
28.03587,86.86085,6497,向阳峰
28.30995,90.71579,6497,过拉卡日
34.93428,77.63818,6496,Laknak Kangri
28.03261,87.00441,6496,卡策峰 དཀར་རྩེ
27.89731,86.77937,6495,Taboche
27.97181,88.23760,6494,哨兵峰 Sentinel Peak
30.32934,82.16130,6493,支玛雍丹夫山
28.04890,86.53421,6492,莫哈冷古尔康日
27.95784,88.26597,6492,寇拉岗 III Kora Kang III
28.50281,84.08425,6490,?
30.53218,79.91080,6489,Purbi Dunagiri
30.60807,94.75280,6488,孔嘎
27.80402,86.59645,6487,Tengkangpoche
33.45502,76.15553,6485,Brammah II
34.03327,76.09308,6485,Rungofarka
34.79331,80.30413,6485,?
27.86135,87.00264,6485,?
30.64181,86.44163,6485,达果岗日/རྟ་སྒོ་གངས་རི།
36.18774,72.40087,6484,Awi Zom
28.77778,83.91829,6484,Khatung Kang
30.56602,94.20058,6484,?
36.74120,75.20383,6483,Chapchingal Sar
28.55714,84.06499,6483,?
29.55457,101.89952,6483,朱山
28.80890,83.94193,6482,Yakawa Kang
33.92468,89.25028,6482,普若岗日/བུ་རོགས་གངས་རི
28.10734,89.86131,6481,Tsenda Kang
42.22748,80.40591,6480,?
42.21909,80.47643,6480,?
28.18438,89.89571,6480,错嘎布岗日
28.41206,91.10908,6480,哲马正勇
29.85086,81.08857,6480,?
28.70429,84.38349,6479,?
27.70984,86.86866,6476,Mera Peak
28.22135,87.62122,6476,尼诺日北峰
30.78351,79.64413,6474,Nilgiri Parbat
28.15306,87.07991,6474,加朗
31.49180,78.37311,6473,Jorkanden
29.41275,82.56662,6473,?
42.27642,80.89640,6472,雪莲北峰
29.42263,82.58569,6471,?
42.22636,80.43495,6470,?
28.19981,87.44430,6470,普日加 / 金格 - Phuriga / Khinge
30.71687,79.73702,6468,Durpata
28.08457,90.53007,6468,错嘎龙岗日
28.13697,90.30154,6468,?
28.02150,88.04006,6466,岗拉庆 / 康郎节
30.08617,81.10930,6466,岗次仁 I
31.32746,78.58764,6465,P. 6465
30.87770,78.92498,6465,Jogin I
39.02081,72.11924,6465,Аюджилга
27.80205,86.86036,6464,?
-16.65500,-67.78366,6462,Illimani
-16.65533,-67.78349,6462,Pico Sur
27.70659,86.87119,6461,Mera Peak Central
28.19240,90.15227,6461,晓拉日 III 峰
-27.20977,-68.57460,6460,WP 3
38.18854,75.19213,6460,?
29.55741,101.89508,6460,朱山西卫峰
34.37709,85.83484,6460,藏色岗日 རྩང་སེར་གངས་རི།
35.44289,76.21223,6459,Honboro Peak
28.79131,87.62765,6457,拉圭扛日/ལྷ་རྒོད་གངས་རི།
35.89416,75.86326,6456,Latok IV
35.29916,74.66637,6455,West Chongra
27.75714,88.21770,6455,?
30.87199,79.13298,6454,Baghirathi Parbat III
28.17333,86.78890,6452,纳木错里
30.45233,94.40868,6452,龙巴哈真
32.21229,77.55372,6451,Papsura
30.84196,93.94060,6451,穷冲
-27.10992,-68.57239,6450,?
29.32150,82.73259,6450,?
29.42098,82.59071,6450,Patrāli̇̄
27.76198,86.90890,6450,?
27.89677,88.02131,6450,?
31.48585,83.49715,6450,?
29.28528,96.65701,6449,?
35.28765,74.65493,6448,South Chongra
31.33395,78.60247,6447,P. 6447
35.42576,76.45783,6447,Drifika Peak
38.96758,71.82166,6447,30-летия Советского Государства
27.76184,88.14466,6447,?
30.52937,93.48403,6447,卡甲乔
35.73627,76.57780,6446,?
38.93048,71.88228,6446,пик Абалакова
38.88969,72.00504,6445,Патриот
38.84332,75.14867,6445,?
30.60263,94.78382,6445,孔嘎卫峰
29.23718,82.78973,6444,Kānchauni̇̄ Lek
30.91137,79.28085,6443,Avalanche Peak
29.66419,94.99039,6442,?
36.16572,75.37717,6441,Khani Basa Sar
39.06168,72.13241,6441,Карпинского Северо-Западный
28.51000,83.85000,6441,Hiunchuli
36.73757,84.59225,6441,?
28.27122,85.62473,6441,?
28.69718,85.42237,6440,扎峰
30.18748,80.46969,6437,Panchchuli V
-28.07257,-68.97730,6436,Cerro Veladero
29.95383,86.44447,6436,སྟོབས་རྩེ་པོ
34.41694,85.63415,6436,布若岗日/བུ་རོག་གངས་རི
35.86621,71.08103,6435,Kōh-e Tūlōksā
36.83806,72.44639,6435,Koh-e Dusti
41.88618,80.13441,6435,科其喀尔峰
35.10414,78.29939,6433,大园山
27.75305,87.91875,6433,Tanga
38.55983,72.37522,6432,Омара Хайяма
27.83471,87.12656,6432,谢尔松 / 3峰
32.99652,78.48886,6430,Shukule West
29.68998,82.87377,6430,?
28.38609,84.67582,6430,?
29.76959,101.88699,6430,嘉子南峰
30.35388,80.78626,6430,公达次仁Sangthang
28.72510,84.05216,6429,Chulu East
27.97617,88.67021,6429,Yulhekang
-15.85414,-68.54083,6427,Ancohuma
28.43536,90.60982,6425,蒙达岗日
38.51817,72.37546,6424,Химик
27.81553,86.88859,6424,?
27.96656,88.30275,6424,寇拉岗 IV Kora Kang IV
27.91962,86.76518,6423,Cholatse
29.32406,96.60796,6423,岗亚打（Gangyada）
31.03545,79.19796,6422,Trimukhi Parbat
35.95908,75.70059,6422,Uzun Brakk
27.83697,87.14079,6422,亚乌拉
42.26714,80.81857,6422,雪莲西峰
28.78365,84.39713,6421,Karma Himal
28.33288,91.12828,6421,?
29.58454,95.10343,6421,?
36.68923,77.73407,6420,?
28.83734,83.51408,6420,?
28.21778,85.71461,6420,Langshisa Ri
27.91132,87.86487,6420,?
27.98868,88.18813,6420,卡隆普岗
29.99371,81.12541,6420,Raksha Urai II
30.39274,95.12563,6420,Jalong Kangri 1
34.10940,78.29819,6419,Angtung
38.83365,72.12731,6419,Комакадемии
28.74541,84.02283,6419,Chulu West
29.89981,94.94320,6419,马干工太
29.58426,101.86226,6418,贡嘎西卫峰
30.37662,94.02507,6418,?
32.91956,76.71117,6416,Menthosa
31.02270,79.43369,6416,Balbala
33.50350,76.04862,6416,Brammah I
36.72825,73.88995,6416,Chiantar Sar
28.78187,84.38676,6416,?
42.09672,80.25919,6415,?
-26.63211,-68.36084,6414,Cerro El Cóndor
36.23005,70.96636,6414,Pīr Yakhhā-ye Darah Sakhī
30.17548,94.04933,6414,尤隆
35.93572,75.56346,6413,Sosbun Brakk
29.22624,82.74504,6412,Lāshammā
28.27575,90.67219,6412,康米岗日
29.96571,86.44855,6412,?
35.13136,74.43598,6411,Sarwali Peak
30.10368,81.10944,6411,岗次仁玛Ⅱ峰
30.23843,80.43236,6410,Ngalaphu
32.70866,78.72726,6410,斯诺乌山 Shinowu
33.00379,78.50439,6410,Shukule North
42.12158,80.23525,6410,?
28.33049,85.14287,6410,?
29.52481,101.92509,6410,金银山（戴山）
30.01498,81.03781,6410,Nampa
30.81615,88.66200,6410,甲岗日/རྒྱ་སྒང་རི།
32.07325,77.75378,6408,Dibibokri Pyramid
30.23761,93.70976,6406,萨拉卡秀
-15.52046,-72.65826,6405,Nevado Coropuna
33.15214,78.42026,6405,Chalung North
38.25517,75.08847,6405,?
28.52500,85.57470,6405,郭洛强峰
28.17267,92.67456,6405,吉岗日
27.85887,86.89470,6402,Pema Dablam
32.00781,78.73317,6401,Peak 6401
28.27226,85.55263,6401,Kimshung
-27.13218,-68.58422,6400,?
-27.13112,-68.56860,6400,?
-15.54590,-72.66077,6400,Coropuna Oeste
36.11956,75.36532,6400,Hispar Sar
33.74851,77.55684,6400,Kang Yatse I
36.77611,72.45694,6400,Lunkho-e Sarqi
27.77622,87.07624,6400,?
27.91090,86.97166,6400,?
28.93262,86.08141,6400,藏拉
27.89293,87.99624,6400,?
28.16300,90.01861,6400,?
29.84763,81.03864,6400,?
-9.51477,-77.31057,6395,Huantsan
-9.02707,-77.66309,6395,Huandoy
34.14487,79.00990,6395,?
28.68917,83.37996,6395,Tsaurabong Peak
29.97621,80.86700,6395,?
29.60656,101.86129,6394,?
28.83516,84.16992,6393,Amotsang
30.39170,80.03058,6392,Latu Dhura
36.85222,72.41028,6392,Koh-e Shir
36.78221,84.87045,6392,?
28.85272,83.62897,6391,?
-25.57491,-67.90725,6390,Antofalla Sur
42.22076,80.45005,6390,?
28.09386,89.51365,6390,窝尖岭
35.02391,77.00581,6389,NJ9842
27.82477,87.15673,6388,塞尔迪姆西峰 / 5峰
30.10642,81.08421,6388,加穷
30.33973,94.93501,6388,纳雍嘎波（Hayyungarpo）
31.02741,78.57324,6387,Kalanag
37.13500,73.25972,6386,Koh-i-Pamir
28.00160,86.51492,6386,?
33.30739,78.19830,6385,Pologongka
-13.78907,-71.22990,6384,Ausangate
36.77917,72.50111,6384,Kachek
39.45967,73.60027,6384,Курумды Восточная-1
28.65159,83.46722,6384,Manapathi East
36.21505,70.97941,6383,?
-24.93194,-66.38988,6380,Cerro del Libertador General San Martín
-24.93202,-66.39026,6380,Nevado de Cachi
33.13805,78.17385,6380,Spangnak Ri North
38.98311,71.80181,6380,Ошанина
28.64761,83.45535,6380,Manapathi
29.28334,82.55271,6380,Kasi Dalpha
29.17320,96.70082,6380,?
29.67437,101.84431,6380,达多漫因
28.48206,98.66416,6379,奶日顶卡
38.91540,72.02429,6378,пик Правды
30.62334,94.58029,6378,孔拉(kona)I
29.39139,96.51921,6377,Noi峰
28.03481,86.80823,6376,西林禅峰
29.76264,101.86998,6376,日乌且峰
-27.21462,-68.56329,6375,WP 2
28.84451,84.34436,6374,Nagoru Lake Peak
30.33150,80.38046,6373,Suj Tilla East
31.04358,79.02174,6373,Kalidhang
38.58307,72.36813,6373,Крыленко
27.73520,86.80023,6373,?
38.96817,71.96259,6372,Кирова
28.81332,84.22694,6372,Pokarkang
42.19918,80.13832,6371,Чапаев чокусу
-32.08309,-70.01809,6370,Cerro La Ramada
42.12008,80.22997,6370,?
28.60128,85.48733,6370,拉峰
28.10289,87.60068,6370,阿玛直米北 I 峰
29.97165,81.13048,6370,Raksha Urai I
28.05152,90.74981,6369,楚热岗 Chura Kang
33.48597,82.22412,6369,?
-15.81599,-68.54330,6368,Illampu
29.55321,101.90742,6368,三连山西北峰
30.10008,81.08094,6368,?
27.73089,86.78930,6367,Kusum Kangguru
38.49143,72.39891,6366,Советских Альпинистов
38.95790,72.09129,6365,Орджоникидзе
28.04907,87.60717,6365,阿玛直米南峰 -Ama Drime South
28.35895,91.12022,6365,?
28.48338,98.67601,6365,扎堆吾学
33.33181,78.18114,6364,Guide Ri
30.32477,95.06654,6364,则普岗日（Zepu Kangri）
35.78452,76.17586,6363,Trango Ri
27.68758,86.90249,6363,Naulekh
28.81197,84.01250,6362,?
27.90046,88.64499,6362,Chombu
28.89308,84.22616,6361,普丽古蒂塞尔
28.06999,90.80430,6361,白章岗日
36.72722,84.64726,6361,?
32.12601,77.76871,6360,Khhang Shiling
28.22805,87.63144,6360,?
27.79526,86.86486,6359,?
30.31472,93.49156,6359,初波日松Chuporisum
27.94831,86.48059,6357,Langdung
-9.03500,-77.66997,6356,Huandoy Oeste
30.22295,80.42057,6355,Panchchuli I
-9.08699,-77.57393,6354,Chopicalqui
30.88100,93.98616,6353,?
30.37710,79.78727,6352,Bethartoli Himal
30.84024,79.37683,6352,Arwa Tower
30.87189,79.27264,6352,?
28.30492,85.60707,6352,错嘎康日
37.56199,75.16474,6351,Mount Lyavirdyr
38.86313,75.12267,6351,?
36.16695,72.37505,6350,Rahman Zom
34.65603,77.84526,6350,Dagarpheth Kangri
38.50452,72.25986,6350,Парижской Коммуны
27.92366,86.52695,6350,?
28.22662,85.75951,6350,?
35.66340,85.61777,6350,耸峙岭
31.45256,78.48504,6349,Phawararang
32.10614,77.68245,6349,Kullu Makalu
39.46972,73.65411,6349,玛里他巴尔山 Пик Заря Востока
28.27575,85.55471,6349,?
32.79227,80.95201,6348,嘎里约
27.82253,87.16951,6347,塞尔迪姆
29.61774,96.05608,6347,格尼岗日
28.30866,85.61566,6346,?
27.96393,88.81150,6346,?
-10.29474,-76.89167,6344,Siula Grande
27.96477,88.21163,6344,龙布茹 Longburu
29.65412,96.04042,6343,德鲁婆拉
30.89712,78.93310,6342,Jogin II
30.98553,79.09975,6340,Svetvarn
29.69019,82.84598,6340,?
29.69422,82.88760,6340,?
27.85308,86.88296,6340,Ombigaichen
36.16513,72.32348,6338,Buni Zom N
28.84480,83.48173,6338,Honde Himal
29.27438,83.85427,6337,?
29.31066,83.86124,6337,?
32.01559,78.72971,6335,Jogse South
27.90296,86.76880,6335,Taboche North
27.76774,86.84361,6335,?
28.63640,84.69466,6335,桑木多康日 Samdo
28.17476,87.60243,6335,帕玛那
29.55183,101.90854,6335,三连山中央峰
30.19490,80.45451,6334,Panchchuli IV
30.43960,80.28369,6334,Bamba Dhura
27.74069,88.01678,6334,Merra
28.01534,88.12809,6334,康团次玛
28.10223,90.58318,6334,查拉康日
30.60228,94.60714,6334,?
35.08647,77.98012,6333,?
27.91594,86.45383,6332,Omi Tso Go
-25.55269,-67.91713,6330,Antofalla Norte
33.04887,78.47855,6330,Mt Ashutosh Ri
33.08997,78.46198,6330,Lagpo North
35.16783,77.08701,6330,Crane
38.88523,75.07248,6330,?
29.68638,82.85683,6330,巴尔宗嘎衡雪山
28.51117,85.51638,6330,达热坚南峰
29.87068,81.03810,6330,?
30.09776,81.10233,6329,岗次仁玛Ⅰ峰
36.87889,72.52917,6328,کوه قَلعِه پَنج Koh-e Qala Panja
28.88500,84.17191,6328,Saribung Peak
27.75843,87.91919,6328,Sharphu II
30.66208,94.57162,6328,?
31.79767,94.70269,6328,སྤུ་རྒྱལ་གངས་རི 布加岗日
35.77821,76.18092,6327,Trango II
29.11514,97.07713,6327,玉和岗日
28.04827,90.76097,6326,?
30.63048,79.95178,6325,Lampak I
35.46535,76.45822,6325,Namika
29.31254,83.87071,6325,?
27.78004,86.81397,6325,?
28.81568,90.27986,6325,姜桑拉姆/སྤྱང་གསལ་ལ་མོ།
35.14261,74.41451,6324,Toshe II
29.18158,98.46007,6324,大米勇
30.07749,81.14982,6323,岗次仁 III
30.29166,80.04011,6322,Changuch
30.27537,80.64818,6321,Brammah Parvat
36.74506,84.62996,6321,?
-27.05291,-68.78098,6320,Punta Torre
42.16216,80.26101,6320,?
29.83512,81.08438,6320,?
34.75737,82.35908,6320,?
42.28501,81.04332,6320,Yanamax
27.80043,88.22775,6319,?
30.36739,79.79269,6318,Bethartoli S
36.15954,70.97793,6317,?
31.00350,78.55313,6316,Bandarpunch I
30.10647,94.11989,6316,杰钦朗拉嘎布峰
30.55856,80.12699,6315,Nanda Gond
32.05830,77.81169,6315,Kangla Tarbo I
38.55227,72.38575,6315,?
28.75402,83.10278,6315,?
29.33263,83.81860,6315,?
30.20257,80.44157,6312,Panchchuli III
31.93170,78.76959,6310,Ninja Turtle 2
36.95193,74.83480,6310,?
28.69952,83.37066,6310,?
28.71443,84.34204,6310,?
28.68579,85.43989,6310,查果那莫
28.32919,86.36537,6310,?
29.79069,88.28483,6310,?
29.83024,81.08938,6310,?
30.18235,94.61472,6310,Pulongu
-9.38244,-77.33000,6309,Chinchey
30.34848,79.71933,6309,Nanda Ghungti
32.19303,77.78760,6309,Gunthar Peak
35.31953,77.43077,6309,Lharimo
36.85417,72.75194,6309,Kohanha-e Sarqi
31.44743,86.75987,6308,?
30.52293,80.14156,6306,Nanda Pal
34.53666,78.02929,6305,Sagtogpa Kangri
31.03461,82.52960,6305,岗青日 གངས་ཆེན་རི།
30.82942,82.72758,6305,གོང་བུ་གངས་རི
30.44816,80.02007,6303,Bamchu
31.95149,78.74859,6303,Pt 6303
28.24742,89.79705,6303,格勒普
38.64482,72.39524,6301,Высокая Стена
30.40229,80.32419,6300,Suli Top
32.30988,78.16359,6300,Chau Chau Kang Nilda
33.71652,77.56093,6300,Ibsti Kangri
27.90537,86.52817,6300,?
27.85319,87.01080,6300,?
28.91896,84.26917,6300,?
28.16939,85.67854,6300,Ganchenpo
27.92799,87.85293,6300,?
27.93736,87.85989,6300,?
27.90985,87.94312,6300,?
29.67183,101.83584,6297,达多漫因西卫峰
30.90672,93.82107,6296,格桑塔措
33.82011,78.23269,6295,Peak 6295m
28.04607,86.60993,6295,Dejung Khong Himal
28.12758,89.57410,6295,康钦通波
30.30146,80.08664,6294,Kuchela Dhura
28.80013,83.16648,6294,Kāṅg Tokal
27.68926,87.99109,6294,Khabur
29.65268,101.83788,6294,郎格曼因
29.62234,101.92999,6294,中山南峰
36.46671,74.10152,6293,Purian Sar
38.46116,75.29516,6292,Сарыкаякуджи
30.34669,95.18422,6292,甲隆II峰（Jalong II ）
-15.55124,-72.59598,6290,Coropuna Este
33.57850,76.38038,6290,Barnaj II
39.11957,72.19153,6289,Музджилга
29.17401,96.74071,6289,?
31.64881,78.65374,6288,Gang Chua
35.57724,75.91780,6288,Mango Gusor
35.75747,76.20148,6287,Great Trango Tower
29.79481,93.10740,6286,多达竹希
35.45454,76.46974,6285,?
34.36941,78.77163,6285,Dada
28.02410,90.49298,6284,?
30.07319,82.16817,6284,?
39.46791,73.52117,6283,Чорку
31.02112,79.41304,6282,Balbala West
34.79707,99.46267,6282,玛卿岗日
37.14750,73.21583,6281,کوه هلال Koh-e Helal
27.76554,86.84634,6281,?
27.72884,87.00555,6281,?
31.12757,82.46017,6281,?
36.73071,84.68572,6281,?
28.02248,86.40529,6281,火若龚
-30.42007,-69.78092,6280,Cerro de la Majadita
36.43809,72.86109,6280,Shah Dok
31.05112,79.20770,6280,Trimukhi East
36.47927,76.85983,6280,?
33.72514,77.57352,6280,Dzo Jongo West
33.23155,79.18346,6280,?
30.00499,81.03615,6280,?
32.30198,87.38779,6280,?
31.23453,78.53299,6279,Jupkia
27.83773,86.54723,6279,Parchemuche
33.48116,76.72827,6278,Remalaye (H5 - Sakamoto)
29.29497,96.64061,6278,?
38.62557,72.41679,6277,Паррота
29.95243,90.53775,6277,巴次普
33.25095,76.86736,6276,Lama Jimsa Kangri
42.23507,80.28417,6276,Пржевальский - 普熱瓦爾斯基
28.66187,83.32112,6273,Myagumath
28.23248,87.46230,6273,扎日 - Zhag Ri
36.89835,74.24493,6272,Sakar Sar
29.64426,101.94175,6272,中山东峰
-13.33340,-72.54361,6271,Nevado Salkantay
30.82080,79.01894,6270,Kirti Stambh
32.35406,77.72147,6270,Karcha Parbat
33.11475,78.41648,6270,P6270
35.14575,74.40456,6270,Geshot Peak
35.16027,74.41256,6270,Toshe IV
36.39564,74.67538,6270,Hunza Peak
29.35101,82.66790,6270,?
28.27300,85.74109,6270,Triangle
30.03366,81.06091,6270,?
-30.41997,-69.78133,6269,Olivares Central o De la Majadita
29.29735,83.84800,6268,?
34.73816,99.50368,6268,?
30.59710,79.96833,6267,Gorur Forked Peak
28.17965,87.02024,6267,虾布热
33.47980,76.72140,6266,Remalaye West
32.24014,77.54109,6265,Lalana
27.79799,86.85609,6265,?
30.06251,82.27834,6265,阿色甲果
32.35137,77.55590,6264,CB 13
28.26982,85.57412,6264,Ubra
30.51808,93.47711,6264,玛纳卓
30.30039,82.17890,6263,昂若东
42.25669,80.28666,6261,Михаил Грудзинский - 米哈伊爾·格魯津斯基
30.48100,80.24650,6260,?
32.97571,78.11578,6260,Gyama Central
36.80167,72.52444,6260,Koh-e Uparisina
27.83229,87.76153,6260,?
29.40562,96.58294,6260,哈莫贡嘎（Hamokongga）
33.46011,91.14817,6260,?
-8.89428,-77.70907,6259,Santa Cruz
30.83270,79.01970,6259,?
39.46195,73.61293,6259,Курумды Восточная-2
27.83207,86.44889,6259,Chukyima Go
34.79873,78.18505,6258,?
38.54516,72.38079,6257,Паустовского
27.90797,86.41490,6257,Chekigo
35.77392,76.48556,6256,Marble Peak
35.07045,78.14667,6256,白头峰
28.19168,85.81943,6256,Gumba Chuli
28.17425,90.12357,6256,什娥岗日 Shier Kangri
30.34250,82.01148,6256,岗隆岗日
36.81564,84.73891,6256,гора Симанлайшань
35.93059,71.08056,6255,?
38.98482,72.15856,6255,пик Реввоенсовета
33.47983,86.79500,6255,玛依岗日/མ་གཡེར་གངས་རི།
30.43301,80.03194,6254,Sakram
31.10036,78.51223,6252,Swargarohini
30.58507,95.05070,6252,格雍岗日I峰
35.77088,76.19070,6251,Trango Tower
-27.23601,-68.57821,6250,WP4
32.19893,77.56557,6250,Dharmsura
32.24010,77.67568,6250,Central Peak
32.63169,77.64395,6250,Unclimbed Pt
32.43606,78.19512,6250,Lakhang
32.98648,78.11341,6250,Gyama North
33.10502,78.42296,6250,P6250
33.58466,76.36837,6250,Barnaj I
33.48309,79.33664,6250,拉日巧达栋
38.58674,75.21160,6250,?
29.27981,83.81369,6250,?
29.31122,83.80960,6250,?
27.68272,86.89644,6250,?
27.89727,86.55168,6250,?
27.94737,86.47102,6250,?
27.94841,86.47503,6250,?
27.93336,86.54254,6250,?
28.39957,85.01252,6250,Lumbo Himal
28.54654,85.05219,6250,?
28.30954,85.65686,6250,?
28.33418,85.66485,6250,?
27.91258,87.90196,6250,?
28.36033,91.11232,6250,?
29.54858,101.90990,6250,三连山东南峰
31.10636,102.90199,6250,幺妹峰
35.91203,72.26662,6249,Ghochhar Sar
27.71408,86.85191,6249,?
28.62799,84.54353,6249,Larkya Peak
42.28881,80.96384,6249,雪莲东北峰
32.06209,77.81597,6248,Kangla Tarbo II
32.33252,77.54859,6248,CB-12
35.70311,77.74722,6248,?
28.53917,83.95984,6248,Gandharba Chull
28.62306,85.45475,6248,色玛然峰
31.10073,78.50586,6247,Swargarohini II
27.79072,92.39474,6247,Gori Chen South
30.44317,80.03748,6245,Lohar Deo
32.64080,79.29569,6245,伊里里亚山 Irira
35.09854,74.54674,6245,Shaigiri
34.47539,78.06337,6245,Lingthran Kangri
27.79446,86.51370,6245,?
28.80461,90.22144,6245,解岗速松/རྒྱལ་ཁང་ཟུར་གསུམ།
37.91345,87.38931,6245,苏拉木塔格峰
38.80174,75.13932,6244,?
38.82664,75.14257,6244,?
28.02969,88.09390,6244,郎阿
33.17627,76.94454,6243,Mutik Skal
38.54852,72.40384,6242,Юбилейная
28.01048,88.16196,6242,克隆岗
36.76478,84.79497,6242,?
39.07113,72.13848,6241,Тухачевского Восточный
38.79566,75.13196,6241,?
42.04094,79.96998,6241,САВО
-27.20723,-68.52592,6240,Olmedo
36.15127,72.38261,6240,Gordoghan Zom
29.70104,82.90848,6240,?
29.70681,82.91590,6240,?
29.30856,83.79018,6240,?
29.32844,83.83790,6240,?
28.10889,87.60570,6240,阿玛直米北 II 峰
35.55712,89.57787,6240,གངས་བྲག་རི 岗扎日
29.27933,83.82328,6238,?
27.81683,87.97666,6238,Danga
38.47521,72.35143,6237,Шипка
42.08746,80.26831,6237,?
30.52260,93.22452,6237,涅帕
30.26575,80.06299,6236,Nandabhana
30.45608,79.89135,6236,Rishi Kot
30.53142,80.12308,6236,Nital Thaur
38.59676,72.36783,6236,Королева
30.92130,93.84738,6236,雪漠峰Chomo Mangyal
34.53112,78.00803,6235,Phokto Scheyok
29.31599,83.78580,6235,?
29.30174,83.81236,6235,曼塞尔
28.61376,84.75394,6235,古当康日东峰
28.86167,90.13553,6235,久旦卓玛
29.68835,94.98777,6235,?
32.76834,78.14613,6234,Kharpa
38.42398,73.30163,6233,пик Советских Офицеров
27.97346,88.81308,6233,?
39.05443,72.12604,6232,Якира
35.75908,76.20198,6231,Great Trango Tower NE
32.65377,78.18208,6230,P6230
33.01329,78.07609,6230,Point 6230
35.54687,77.95796,6230,雪尖山
39.02262,72.05827,6230,Пик Четырех
38.62958,72.40295,6230,Чил-Сол
42.06332,80.22831,6230,?
27.87198,86.91061,6230,?
28.80154,84.00441,6230,?
27.95011,87.84121,6230,岗拉
28.06252,90.38994,6230,良岗罗拉
28.22783,89.93447,6230,康麦隆
35.79031,70.91799,6229,?
29.25572,83.80174,6229,?
-1.46748,-78.82264,6228,Pico Veintimilla
31.92405,78.72491,6227,Corner Peak
32.44748,77.47948,6227,CB-10 Tara Pahar
27.74235,88.02382,6227,?
38.91228,75.04356,6225,?
30.25884,86.25499,6225,?
27.97669,88.71570,6224,Sanglaphu
33.29551,79.76596,6223,君麦雪外岗日
28.06303,87.02736,6223,洛林峰
29.93471,81.50585,6223,Kerang Tse (Chala Peak)
36.75860,84.78059,6223,?
37.10288,72.51256,6222,пик ЛГУ
36.69816,73.85189,6222,Karka
29.25600,83.82401,6222,?
28.04777,90.79299,6222,色布岗仑  Saibu Kanglun
27.80131,92.39723,6222,Gori Chen East
32.21379,77.39644,6221,Indrasan
-27.75201,-68.85521,6220,Altar del Pissis
-27.93991,-68.74758,6220,Pioneros o Peñas Azules
36.13977,72.32143,6220,Buni Zom S
32.17562,77.58376,6220,Shigrila
32.01699,78.69966,6220,Mt Ibex
33.72854,77.58342,6220,Dzo Jongo East
38.15763,75.18437,6220,?
39.12438,74.68748,6220,гора Будунсельтау
29.39529,82.61788,6220,?
29.40351,82.62440,6220,?
29.70179,82.92594,6220,?
27.64540,88.04420,6220,?
27.73090,87.90436,6220,Sharphu III
27.99389,88.27709,6220,寇拉岗北峰
28.22264,89.94950,6220,格琼
29.40130,96.44636,6220,格尼库孜峰
30.25822,80.66807,6220,Cheepaydang (Peacock Peak)
28.33740,87.68873,6219,江嘎日
30.23531,81.39094,6219,甘仲布 Kandumbu
39.36222,73.00391,6218,Пик Латвия
-30.29857,-69.90089,6216,Nevado Olivares
35.57965,76.77651,6216,Silver Throne
38.48686,72.20064,6216,Ракзоу
39.46814,73.49295,6216,Пик Турк ВО
30.19827,93.74253,6216,欧布
30.45319,80.25693,6215,Kalganga Dhura
35.11896,78.20053,6215,天河岭
42.04576,79.97794,6215,Дыбенко
29.25179,83.83690,6215,?
27.97853,88.21404,6214,农巴脑
27.70980,87.00276,6213,?
28.60694,84.58782,6211,Naike Peak
30.07747,81.10606,6211,?
33.26748,76.87771,6210,Ri Pok Te / Sakamoto R4
36.86250,72.53500,6210,Koh-e James
42.18995,80.26755,6210,?
29.69184,82.83943,6210,?
29.22080,83.81326,6210,?
28.19083,89.89399,6210,?
36.79105,84.90221,6210,?
31.10215,78.50088,6209,Swargarohini III
32.96779,78.12014,6208,Gyama South
39.00490,72.11994,6208,пик Жукова
31.43231,86.75166,6208,མཆིན་དབལ་སྒང་ལུར
32.18307,77.83437,6207,Ratang
39.09623,72.14546,6207,пик Уборевича
27.83310,86.89069,6207,?
36.73524,84.72206,6207,?
-27.04323,-68.78967,6206,Punta Atacama
29.74478,101.87686,6206,日乌且南卫二峰
33.83230,78.27289,6205,Peak 1 6205
30.64888,80.01413,6204,Uja Tirche
27.98415,88.33655,6204,寇拉曲尼岗 I Kora Chone Kang I
30.58656,94.90976,6204,冲炯（chung jung tso）
29.80649,99.60681,6204,格聂峰
42.24438,80.28498,6203,РГО-ға 100 жыл - 俄罗斯地理协会成立100周年
36.75138,84.73394,6203,?
35.90386,71.07270,6202,?
39.35739,72.98543,6202,Пик Эстония
27.88332,86.91281,6202,?
30.08634,82.16816,6202,果拉科雪山 བྱང་ཀེ་ལ་རི
35.85785,71.02587,6201,?
42.08658,80.18783,6201,Рус чөмүлтүлгөнүнүн 1000 жылдыгы 罗斯受洗一千年纪念峰
42.20803,80.22327,6201,?
-15.86443,-68.54801,6200,Cerro Wakana
32.43332,77.05403,6200,Shikar Beh
32.22057,77.54629,6200,Dewachand
31.96399,78.73449,6200,Pt 6200
32.45009,78.19728,6200,Dhhun Peak
33.35272,76.35059,6200,Agyasol
35.33843,74.70149,6200,?
33.70208,77.56132,6200,Shan Ri
33.70195,77.58994,6200,Gapo Ri
34.50923,77.31406,6200,Unclimbed Peak 6200
28.87147,83.50338,6200,Tongu Himal
29.68996,82.82827,6200,?
29.69221,82.88290,6200,?
27.79256,86.50943,6200,?
27.91709,86.56118,6200,?
28.55647,85.04878,6200,?
28.32567,85.66147,6200,Dragmarpo Ri
28.28381,85.73749,6200,?
27.86752,87.77800,6200,赛努博
27.94625,87.84770,6200,?
27.90992,87.88987,6200,则纳格康日
28.07064,90.35852,6200,?
28.14693,90.08929,6200,?
-33.46930,-69.81511,6198,Cerro San Juan
30.06335,82.17175,6198,?
30.84455,79.41011,6196,Avalanche Peak I
27.97361,86.51907,6196,Dingjung Ri
30.22298,80.71709,6196,?
-27.80557,-68.73103,6195,?
34.55688,78.07029,6195,Pt 6195
28.74459,84.33426,6195,?
37.16510,73.26490,6194,Koh-e Marco Polo
29.19857,83.83677,6194,?
30.73349,79.19918,6193,Mandani Parvat
30.82567,79.36358,6193,Arwa Spire
33.47581,76.70077,6193,H5 Sakamoto
30.38810,80.55380,6191,?
-9.36767,-77.37081,6190,Palcaraju
63.06911,-151.00624,6190,Denali
32.10077,77.67646,6190,Rubal Kang
32.32567,78.16454,6190,Chau Chau Kang Nilda II
33.66133,78.57818,6190,?
29.68714,82.94734,6190,?
29.23379,83.80552,6190,?
27.98416,88.78975,6190,Dongkya Ri
29.86080,81.04005,6190,?
30.15384,94.03860,6190,紧打
38.94557,71.97572,6189,Куйбышева
30.13565,81.08266,6189,拉沙
-9.26974,-77.48116,6188,Copa
28.85556,84.20747,6188,Sahasar
27.98558,88.34051,6188,寇拉曲尼岗 II Kora Chone Kang II
35.44649,76.45916,6187,?
27.79301,86.64278,6187,Kongde Ri
36.80454,84.81625,6187,?
28.82790,90.30959,6186,雄嘎
33.75498,77.55123,6185,Kang Yatse II
34.12468,78.82610,6185,羌臣摩山
29.22525,83.79981,6185,?
28.04647,90.79415,6185,?
-24.83317,-66.40611,6184,Morro del Quemado
-24.75948,-66.41519,6184,Quemado
34.56026,77.34531,6183,Spanpuk
38.99938,72.13657,6183,Маршала Василевского
39.37078,72.93930,6183,пик Cпартак
28.24698,86.75232,6183,哈辟削弄
28.06357,86.49552,6182,冷打
30.48127,93.34038,6182,舒拉嗨日
36.74580,84.70988,6182,?
30.64143,79.93107,6181,Lampak II
33.83104,78.27063,6181,Peak 2 6181
38.98962,71.79600,6181,Радиоклуба
42.11200,80.15900,6181,чокусу Актау - 阿克套峰 - چوققا ئاقتاۋ
30.47933,80.25139,6180,?
31.57063,78.55909,6180,Kanor Rang
31.93411,78.71151,6180,Pt 6180
32.81881,78.67867,6180,Handlung
29.20459,83.82226,6180,?
28.20392,90.40533,6180,尚哥
38.85098,72.12598,6179,Борющийся Вьетнам
28.85322,93.19958,6179,勃勃朗峰
27.98953,88.36613,6178,寇拉曲尼岗 III Kora Chone Kang III
30.13361,80.72019,6178,?
30.23608,80.72076,6178,Rajay Jue
35.65251,94.25076,6178,玉珠峰
32.05802,78.77259,6177,岗麦隆
28.53275,85.16639,6177,卓当岗日 / 巴束沃
29.19830,96.96853,6177,格尼峰（杰龙巴）
38.69668,75.17681,6176,?
36.24111,70.96719,6175,?
29.39881,82.62293,6175,?
28.49051,98.63067,6175,芒框腊卡
27.78538,86.89979,6174,?
28.08256,87.04123,6174,日东那布
28.29296,86.66487,6174,尼布吓巴
31.94186,78.69970,6173,Ningmari
32.47169,77.48660,6172,CB-33 MINAR
27.81593,87.91812,6172,Nupchu West
30.17706,80.94070,6172,?
36.14237,70.98443,6171,قلعه سرخ
32.19506,77.86246,6170,Ratang Tower
27.86735,86.85168,6170,?
28.64251,83.92696,6170,?
30.32109,94.32096,6170,塔西朗隆
33.82472,78.27017,6169,Peak 3 6169
-29.13005,-69.78711,6168,Cerro El Toro
-26.21040,-68.31707,6168,Cerro Vallecito
28.63342,84.71342,6168,卡羊康日
30.33981,95.30808,6168,Tatsekangpu
31.78598,99.07211,6168,雀儿山
29.22939,83.82496,6167,?
36.76723,84.72390,6167,?
30.87628,79.28081,6166,?
30.75152,79.70389,6166,Rātaban
27.85433,86.51309,6166,?
28.82796,83.98241,6166,Purkung
36.79235,84.79141,6166,?
36.14169,70.97885,6165,?
38.56679,75.29503,6165,?
28.84727,84.30203,6165,Nagoru Central
36.89328,72.54417,6164,Koh-e Kamisktar
27.71170,87.91164,6164,Sato
30.89991,79.79736,6163,Geldhung
-9.41176,-77.41685,6162,Ranrapalca
39.32590,72.83669,6162,?
29.18217,83.83933,6162,?
36.74995,84.78506,6161,?
-29.93938,-69.90685,6160,Cerro Las Tórtolas
-9.04175,-77.65758,6160,Huandoy Sur
30.59764,80.04252,6160,Chalab
30.63265,80.03144,6160,Shambhu Ka Qilla
32.35647,77.77559,6160,Dongrimo
32.47972,78.18784,6160,Parilungbi
29.39213,82.75359,6160,?
29.39272,82.75424,6160,?
29.70186,82.90329,6160,?
27.86361,88.03830,6160,?
27.57749,88.14123,6160,Forked Peak
28.06625,90.82932,6160,夏嘎岗日
27.97751,86.76290,6159,Nirekha
28.27513,87.12502,6158,加舌
27.74551,87.91736,6158,Sharphu V
28.90435,93.15008,6158,尺布拉
-32.06395,-70.11421,6157,Cerro La Mesa
36.86250,72.39444,6157,Koh-e Larissa
29.27280,83.83214,6157,?
28.21796,86.85239,6157,秋布桑日
33.34889,76.57686,6155,Cerro Kishtwar
34.03201,78.66900,6155,塔玛山
29.27262,83.84146,6155,?
27.98415,88.71979,6155,?
28.04966,90.55843,6154,?
-33.45392,-69.68962,6152,Cerro Negro
-26.50585,-68.52437,6152,Cumbre del Laudo
27.90921,86.67088,6151,Kyajori
28.16855,85.71270,6151,Urkinmag
28.18360,85.83843,6151,Gyaltsen
42.30082,81.03483,6151,Yanamax II
30.75007,93.96006,6151,洛马削
-9.36257,-77.36806,6150,Palcaraju Este
32.23317,77.54948,6150,Lalana Peak
31.58113,78.53944,6150,Rudraksh
32.29591,78.22612,6150,Pt 6150
32.41988,78.12595,6150,Pt 6150m
33.41699,76.82125,6150,Ubarak Kangri
33.73999,77.54097,6150,Kang Yatse 4 North
33.34406,78.12099,6150,P. 6150m
36.83750,72.55528,6150,Koh-e Sedara
29.29060,83.83711,6150,?
27.83025,86.54518,6150,?
28.83593,84.37052,6150,?
28.27214,85.66353,6150,Bhemdang Ri
27.89198,87.86384,6150,?
27.74121,88.01241,6150,?
27.92377,87.86056,6150,?
28.12945,90.29778,6150,?
29.92837,81.00062,6150,?
38.45452,73.40248,6148,пик Двуглавый
39.36279,72.82764,6148,Пик Раздельная
27.56325,88.07948,6148,Kokthang
34.25226,84.27179,6148,查多岗日
36.17796,72.34077,6147,Buni Zom II
38.29593,75.16914,6146,?
39.27326,74.26109,6146,阿克萨依峰
42.28240,80.26847,6146,Мраморная Стена - 大理石墙峰
28.82392,98.05872,6146,查格腊子
29.99502,80.86773,6146,?
30.50880,91.87954,6146,玛朗岗日
30.57887,80.20494,6145,Darcho
29.75930,82.72353,6145,?
28.84151,84.30813,6145,Nagoru East
28.84553,84.32676,6145,Nagoru Far East
28.42986,98.66724,6145,舍曲腊卡
29.75350,101.87510,6145,日乌且南卫一峰
30.38315,80.27733,6144,Burphu Dhura
28.78197,83.92688,6144,Thorong Peak
36.75230,84.55073,6144,?
35.95577,74.63308,6143,Bilchhar Dobani
29.23683,83.80240,6143,?
33.09442,76.58046,6142,Bahai jar
35.96458,74.65126,6142,Dubbani
-26.49083,-68.55980,6141,Cumbre Somital
37.17521,72.57600,6141,пик Тбилисского ГУ
27.84585,86.57919,6141,?
30.66556,94.42634,6141,觉纳摸补
30.48775,80.24672,6140,?
33.98629,77.44215,6140,Stok Kangri
29.42440,82.62443,6140,?
29.67353,82.93752,6140,?
29.06141,83.63408,6140,?
28.00999,88.38109,6140,龙琼脑
28.16441,89.59736,6140,阿里过母
29.82804,82.64390,6140,?
30.57971,95.04457,6140,格雍岗日II峰
36.60665,71.90470,6139,?
32.37429,77.78014,6138,Larimo
29.59687,101.93400,6137,?
29.59756,101.94698,6136,?
30.97498,79.12863,6135,Shyamvarn
33.56779,76.58806,6135,Khang Chan Chenmo
29.17490,83.84315,6135,?
27.96966,86.78172,6135,Lobuche West
28.06833,87.16360,6135,托拉抗波切
28.06192,90.38192,6135,?
30.25490,88.36120,6135,?
30.32736,88.38295,6135,?
30.36847,88.69829,6135,?
30.31980,88.74928,6135,?
30.36621,88.72099,6135,?
30.56843,88.68186,6135,?
30.44076,88.80721,6135,?
30.49354,88.83000,6135,?
30.52789,88.82970,6135,?
30.62447,88.82506,6135,?
30.64736,88.82978,6135,?
29.94210,95.74579,6135,顶彭朗拉松
38.50934,72.51934,6134,пик Шверника
29.73548,101.88525,6134,针峰
30.95633,78.80488,6133,Srikantha
38.39948,73.43063,6133,Чатаcай
29.21158,83.82166,6133,?
32.40599,78.20080,6132,Shilla
35.10627,74.46346,6132,Laila Peak
38.23297,71.80063,6132,Вудор
29.61464,93.21546,6132,斯隆朗
30.09481,93.93707,6132,萨玛热则
35.89089,71.06344,6130,کوشان مجنان
32.28556,77.72854,6130,Chemma
31.56271,78.56867,6130,Kyabdo Rang(Pt 6130)
38.18055,75.11067,6130,?
28.89971,83.52409,6130,?
29.44754,82.64313,6130,?
27.73292,86.99434,6130,?
30.55886,80.25664,6129,Lassar
38.63054,73.35484,6128,Северный Музкол
30.89992,93.83571,6128,?
36.77407,84.83963,6128,?
-26.49227,-68.58770,6127,Cumbre Internacional
-15.96260,-68.41100,6127,Chearoko
-10.30422,-76.89428,6127,Sarapo
31.83300,77.72035,6127,?
29.25133,83.84736,6127,?
29.33718,96.61663,6127,则和峰（Zeh）
33.84219,78.70023,6126,Pangong Kangri
38.22502,71.79177,6126,Снежный
34.41305,79.07401,6125,三坎山
29.30121,82.58864,6125,Paltathumba
29.19499,83.84268,6125,?
27.92642,86.39100,6125,?
28.11864,85.87510,6125,古林钦康日
38.49270,72.52263,6124,Ховраздара
29.19768,83.81836,6124,?
28.54590,83.97080,6124,?
29.55589,101.87937,6124,?
36.83967,84.91167,6124,?
30.48496,80.30572,6123,Lalla We
39.10514,72.13471,6123,Днепропетровск
38.28839,75.21509,6123,?
28.07977,90.69722,6123,奇桑岗 / 次龙岗日 Chisang Kang / Cêlung Kangri
-29.58879,-69.44939,6122,Colanguil
-9.20316,-77.51894,6122,Hualcán
31.22037,78.53149,6121,Pt 6121
38.51956,73.24586,6121,пик Зарташ
36.79574,84.95382,6121,?
32.23536,77.68075,6120,Lion Pk.
32.41223,78.11700,6120,Pt 6120
32.93469,78.18137,6120,Mentok III
33.39789,76.80875,6120,Haftal Kangri
33.15706,78.20293,6120,Mt. Pranita
33.57622,78.88511,6120,曼冬日
37.08139,73.19111,6120,Koh-e-Bardar
42.21730,80.14655,6120,Петьки
28.80815,83.99946,6120,?
28.58033,84.94821,6120,?
30.31394,80.62387,6120,Ishan Parbat
37.38807,87.60711,6120,Ayaliktag
27.80624,86.92566,6119,?
31.81596,99.03463,6119,雀儿山二峰
32.42647,78.55114,6117,开德格波加
38.54828,73.27467,6116,Советский Таджикистан
28.22496,89.96735,6116,国雄
29.99310,90.53977,6115,拉休岗日
33.33422,88.72577,6115,阿木岗日/རྔ་མོང་གངས་རི།
30.59391,80.07789,6114,Kholi
27.79282,88.26363,6114,?
29.53586,101.84833,6114,娘波贡嘎
30.17952,81.04882,6114,Pung Di
30.24557,93.27186,6114,?
32.57827,76.71102,6113,Goutam Parbat
38.65261,72.38063,6113,Титова
27.78033,86.88665,6113,?
28.25212,85.59064,6113,?
29.73330,101.83772,6112,勒多漫因
32.59088,77.63713,6111,Tagne
28.78490,84.03219,6111,Jinjang
28.93904,90.26514,6111,?
-13.73185,-71.16071,6110,Qullpa Ananta
-9.36740,-77.38562,6110,Palcaraju Oeste
36.12838,72.33287,6110,Buni Zom SS
32.10387,77.70472,6110,Corner Pk.
39.04672,72.03788,6110,?
38.92221,75.04453,6110,?
42.27061,80.28448,6110,8 альпинист әйел - 8名女登山者
29.21261,83.83065,6110,?
28.48834,84.07519,6110,?
28.81475,83.98949,6110,?
28.83566,83.95650,6110,?
28.72937,85.42310,6110,卡穷
29.04590,84.18792,6110,苟吉里
30.75211,94.17965,6110,克拉普
-33.73479,-69.87782,6109,Cerro Marmolejo
-16.63711,-67.79815,6109,Norte
35.74056,76.14793,6109,Uli Biaho Tower
28.05794,86.08939,6109,Chomo Pamari
-8.99462,-77.61561,6108,Chacraraju
31.15055,79.31153,6108,Sarup Choti
32.56846,77.45734,6108,CB-9
32.98964,78.13594,6108,Gyama East
27.57174,88.14344,6108,?
27.61677,88.17124,6108,Goecha Peak
28.43055,98.63151,6108,戈达尼腊卡
30.30169,95.42777,6108,仁玉II峰
28.98056,83.18103,6107,?
-13.72619,-71.08196,6106,Chumpi
36.55814,74.93243,6106,Tupopdan
28.55614,91.15710,6106,雪尖倾日/ཞོལ་ཅན་ཆེན་རི
30.42733,80.25846,6105,Kalabaland Dhura
36.82731,84.74151,6105,?
30.78462,94.01264,6105,纳玛次
33.46583,76.09027,6103,Flat Top
29.67208,83.00834,6103,Danphe Shail
-13.69986,-71.09605,6102,Allqamarinayuq
31.00697,78.52673,6102,Bandarpunch II
30.17494,80.46899,6102,Telkot
30.92062,79.28058,6102,Kalindi Peak
37.11417,73.18476,6101,Koh-e-Seh Asp-e-Safed
-27.85679,-68.90977,6100,Gemelos
32.28339,78.83407,6100,节列
32.81876,77.40456,6100,Yunam
33.12387,78.21708,6100,Kiager Ri
33.16562,76.62170,6100,Sersank Peak
33.54168,76.41077,6100,Chiring
33.21239,76.85528,6100,Tetleh Kangri
34.39390,77.43172,6100,Sahib Chera
34.18973,79.05376,6100,?
34.42360,79.22560,6100,察坎山
35.36363,78.43386,6100,虎形山
29.38038,82.79253,6100,?
29.38116,82.79366,6100,?
29.38200,82.79516,6100,?
29.20543,83.64719,6100,?
27.75168,87.11243,6100,?
28.14928,85.86093,6100,?
27.83461,87.77123,6100,?
28.02591,90.16327,6100,?
27.97429,91.48854,6100,仁布起岗日
27.87108,92.44806,6100,芝玛错哥
29.67125,93.04823,6100,拉日果
30.33331,93.13415,6100,曲新朗
30.30254,95.40749,6100,仁玉峰
30.22478,79.82095,6099,Tharkot
30.55696,80.20513,6099,Topi Dhura
38.82435,72.09911,6098,Вооруженных Сил
30.49844,88.42443,6098,鄂习加日/སྔོ་སེར་སྐྱ་རི།
-29.01418,-67.82924,6097,Cerro General Manuel Belgrano
32.43113,77.47079,6096,CB 31
35.59391,76.41260,6096,لیلی چوٹی
33.88693,78.76219,6095,?
37.02075,71.71527,6095,пик Маяковского
29.44201,82.59775,6095,?
-10.23698,-76.90574,6094,Jirishanca
33.50113,77.69193,6094,NDS Kangri
-13.74520,-71.13752,6093,Hatun Uma
27.79187,86.64879,6093,Kongde Ri Shar
-27.92055,-68.75446,6092,Bicentenario
37.05025,73.21521,6092,Koh-e Zemestan
29.19615,92.39888,6092,加日干布
33.32038,79.02691,6091,萨巨山/Sajum
28.64865,84.18809,6091,Pisang Peak
32.36019,77.77478,6090,Num Themga
33.04492,78.23639,6090,Korzok Kangri
29.42354,82.70273,6090,?
29.05620,83.61808,6090,?
27.95936,86.79174,6090,Lobuche East
28.47750,84.57167,6090,?
28.04206,90.78041,6090,喜嘎拉
29.27632,98.34542,6090,冬日嘎布
34.76616,99.47304,6090,ཨ་མྱིས་རྨ་ཆེན། 阿尼玛卿山
-32.09600,-70.07851,6089,Cerro Alma Negra
-10.25224,-76.90348,6089,Yerupajá Chico
-16.26244,-68.15413,6088,Huayna Potosí
35.87006,71.06794,6088,?
30.16010,81.06336,6088,?
30.06582,82.23099,6088,果拉科雪山
33.30669,78.65204,6087,Nechung
28.81704,83.48021,6087,Mukot Himal
34.02948,76.79314,6086,Machu Kangri
29.12026,83.07353,6085,Norbung Kang
31.34436,86.80863,6085,克呆龙峰
39.26351,74.32517,6084,?
36.78328,84.81314,6084,?
37.88914,72.18763,6083,Патхор
27.98317,86.73945,6083,Kangchung
27.81387,86.92480,6083,?
38.51770,72.30979,6081,Передовой
36.76893,84.69652,6081,?
32.42549,78.14173,6080,Pt 6080m
33.05886,78.18606,6080,Yalung Nong South
35.34483,76.49037,6080,Ilford Peak
33.73809,77.58028,6080,Reponi Mallari Ri I
34.13785,78.79469,6080,Tondo
37.05162,73.19270,6080,Koh-i-Purwakshan
29.45362,82.58445,6080,?
29.40201,82.73928,6080,?
28.05284,86.08816,6080,?
28.19313,90.11828,6080,什娥布桑
29.27624,90.33456,6080,觉姆/ཇོ་མོ།
30.02413,81.05364,6080,?
28.30708,85.59255,6079,塞多波科里雪山
29.29580,101.90848,6079,仁宗雪山
32.37117,77.56692,6078,CB-14
28.10535,85.90059,6078,?
28.17138,85.74110,6078,Kanshurm
-15.98534,-68.37840,6076,Chachacomani
27.77408,87.92254,6076,Sharphu VI
30.05579,80.90875,6076,?
30.88424,93.86966,6076,玛亚Maya
32.27810,77.71771,6075,Ache
33.32945,78.12134,6075,Pt.
34.35582,78.66616,6075,Subdian
37.12747,72.55084,6075,пик Московской Правды
28.97760,83.19569,6075,?
29.20201,83.82885,6075,?
28.09109,86.08279,6075,?
28.85210,84.29655,6075,Nagoru West
28.16931,86.53683,6075,?
38.43075,73.40387,6074,Узловая
29.63264,101.84133,6074,87号峰
42.03450,79.88450,6073,пик Кирова
28.10079,90.84816,6073,白马林岗日
30.16078,80.46137,6072,Bainti
39.11597,72.21884,6072,Сандал
29.20989,83.80971,6072,?
30.90725,93.85961,6072,Peak 6072
27.80588,86.82362,6071,?
-33.10394,-70.06600,6070,Nevado del Plomo
-28.00830,-68.90994,6070,Baboso
-15.80308,-68.53028,6070,Pico del Norte
-9.01918,-77.65587,6070,Huandoy Este
32.96876,78.14443,6070,Gyama South East
34.43774,77.49669,6070,Lungmochey Kangri
28.93360,83.60115,6070,?
29.37786,82.78123,6070,?
27.81410,86.83342,6070,Kang Thari
27.98364,88.80575,6070,?
29.25006,90.34138,6070,觉波/ཇོ་བོ།
34.75269,99.48480,6070,?
29.95027,102.05170,6070,田海子山
32.41880,77.07595,6069,Mukar Beh
31.04692,79.36992,6069,Tara
30.12039,81.08303,6069,?
28.05347,88.06382,6068,康通恰 / 康通次玛
-27.02336,-68.61424,6067,Cerro Vicuñas
30.03575,80.91754,6067,?
32.84596,76.95603,6066,Tharang I
32.24651,77.70620,6065,Fyanlabte West
39.17343,72.76589,6065,пик Белеули
27.97365,86.77330,6065,?
30.00487,80.90182,6065,?
30.08142,93.90757,6065,?
38.18621,88.89827,6065,阿克塔格
33.24156,76.84771,6064,Khumchu Ri
33.23770,76.90681,6064,Kun Long Ri
30.36946,79.71885,6063,Raunthi
37.06292,73.21366,6063,Koh-e Moshkel
28.05203,90.77347,6063,?
30.73064,94.14304,6063,多布虾嘎
28.62325,83.44894,6062,Jirbang
28.06207,86.09487,6062,?
30.38316,81.42845,6062,Nalakankar
33.34778,78.09970,6060,P. 6060m
38.49340,72.38616,6060,Вспомогателей
38.51192,72.41083,6060,Советских Профсоюзов
38.52012,73.24042,6060,Белая Пирамида
42.16170,80.24935,6060,?
29.03506,83.61229,6060,?
29.44626,93.64649,6060,念久
30.25446,93.42708,6060,?
30.05984,99.31066,6060,央莫龙
30.57054,80.10332,6059,Ikualari
28.07372,86.08732,6058,?
30.62143,93.88684,6058,?
31.46052,78.34331,6057,Devbhoomi 6057m
29.23354,83.79080,6057,?
32.25667,77.70413,6056,SUTD
28.07613,90.68204,6056,拿打几米
33.56890,77.65026,6054,Peak 6054m
38.55616,72.35698,6054,СКАН
28.54156,91.18603,6054,?
28.33474,98.75000,6054,缅茨姆
28.70150,83.72725,6052,?
36.78233,84.60395,6051,?
35.78175,72.28249,6050,Thalo Zom
36.18149,72.35488,6050,Buni Zom III
31.44848,78.33452,6050,Pt 6050
30.22656,80.09812,6050,Dang Thyal
31.52014,78.36243,6050,Kinnaur Kailash Peak
32.42699,78.16616,6050,Pt 6050m
32.42538,78.18322,6050,Pt 6050
33.78088,77.01678,6050,Ukharpu
35.75651,76.20535,6050,Trango Pulpit
36.47307,75.68993,6050,Mungalig Sar
38.50952,72.24238,6050,Парижской Коммуны Западный
38.17124,75.12327,6050,?
38.57165,75.22079,6050,?
42.18584,80.08742,6050,пик Максима Горького
28.91758,83.48200,6050,?
28.94302,83.56686,6050,?
29.40410,82.71087,6050,?
29.23552,83.36115,6050,Chanmar Lek
29.03472,83.63054,6050,?
28.10389,85.89935,6050,?
27.75123,86.89955,6050,?
28.15927,85.81185,6050,?
27.84148,87.75784,6050,?
27.85995,87.91524,6050,?
29.15331,97.03107,6050,达拉贡
30.43321,94.49017,6050,桑日堆
-13.76761,-70.98260,6049,Nevado Yayamari
28.27251,85.57017,6049,?
38.16945,75.19510,6047,?
-8.84960,-77.59524,6046,Pucajirca Norte
38.93658,71.81147,6046,пик Летавета
29.54759,101.83300,6046,?
36.14467,72.39455,6045,Gordoghan Zom II
32.51382,76.87659,6045,Sanakdenk Jot
33.56933,78.89693,6045,第拉山
28.75671,83.89973,6045,?
28.89354,93.50641,6045,西日卡
29.62742,95.89512,6045,康肖岗日
-14.63361,-69.22870,6044,Nevado Chaupi Orco Norte
32.37242,77.49232,6044,?
38.58447,72.34735,6044,пик Крыленко Западный
28.74291,83.89098,6044,?
27.81210,87.93927,6044,Nupchu
27.98432,86.71953,6043,Cholo
28.98330,83.19298,6042,?
30.14517,80.47764,6041,Nagling
30.75448,79.96628,6041,Barmatia
30.51761,93.78737,6041,冬日
36.74738,84.76061,6041,?
36.79800,84.85885,6041,?
36.85619,84.80810,6041,?
34.46089,78.05945,6040,Rangwang Kangri
37.10778,73.17306,6040,Koh-e-Maghrebi
29.64008,83.23120,6040,?
28.25920,86.50922,6040,?
28.07469,90.70174,6040,?
30.19865,94.48792,6040,格弄纳所
30.25502,94.43620,6040,拉不达咱门
-8.87151,-77.60871,6039,Pucajirca Oeste
30.51723,80.38562,6038,Chikula We
37.04632,72.06935,6038,пик Джарх
28.73083,84.08545,6038,Chulu Far East
27.81087,88.31431,6038,?
34.52274,77.32335,6037,Oma Kangri
29.21768,83.83978,6037,Kyangkung Dula
-8.89452,-77.66350,6036,Quitaraju
-9.10618,-77.49059,6036,Contrahierbas
28.85938,84.21341,6036,?
33.18187,79.15197,6035,Mandophoo
29.42729,82.70189,6035,?
29.38285,82.76928,6035,?
29.64124,82.87705,6035,?
27.80026,86.63268,6035,Kongde Ri Nup
27.81379,86.90854,6035,?
30.99244,93.55520,6035,郁节贡嘎
-9.34708,-77.39709,6034,Tocllaraju
31.08128,81.41618,6034,Sonam Ri
28.35703,100.35671,6033,央迈勇
30.05884,99.29615,6033,玛卡拉
28.08789,90.76890,6032,羊当岗日
-33.47427,-69.82387,6030,Cerro Mesetas
32.61880,77.63418,6030,Sagar Peak
33.09615,78.00194,6030,?
35.72646,76.49834,6030,Mitre Peak
33.51210,77.69984,6030,UT Kangri
36.86361,72.52625,6030,Koh-e Barfi
38.83086,72.29341,6030,Горбунова
28.94883,83.61754,6030,?
29.41076,82.70602,6030,?
29.67351,82.94766,6030,?
29.50102,83.23756,6030,?
28.41075,85.00276,6030,Lumbo Himal North
28.23759,86.51334,6030,?
27.62645,88.02031,6030,?
30.26123,80.07127,6029,Nandakhani
38.57290,72.36521,6029,Советских Космонавтов
36.58779,71.85131,6028,?
38.86170,72.10591,6028,пик ОГПУ
28.03444,89.46049,6028,日嘎拉波
28.45362,98.69833,6028,布迥松阶吾学
27.99327,86.79100,6027,Changri
36.64996,72.82953,6026,Shayaz
38.61908,72.24857,6026,Сент-Экзюпери
39.23406,74.51438,6026,?
28.76691,83.93926,6026,Syagang
29.73941,101.92141,6026,?
-8.96826,-77.67163,6025,Caraz
-8.95211,-77.63275,6025,Artesonraju
29.83696,94.91750,6024,白鲁岗日/དཔལ་ཀླུ་གངས་རི།
30.12274,81.08008,6023,?
39.46411,73.70077,6022,扎阿拉依山 пик Эйлера
36.11341,72.26099,6020,Chakholi Zom
33.15742,77.03574,6020,Lama Soo L8
37.14273,73.26663,6020,Koh-e Kha'en
38.52947,72.56055,6020,Пасор
42.17501,80.26609,6020,?
28.95699,83.61932,6020,?
29.64096,83.19820,6020,?
27.62050,88.00639,6020,Boktoh
-33.51507,-69.83514,6019,Nevado de los Piuquenes
-29.10026,-69.78532,6019,Toro Central
28.05441,90.53269,6019,?
38.82872,72.35875,6018,Крутой Рог
-10.27496,-76.92131,6017,Rasac
35.71110,71.00855,6017,?
27.92934,86.68093,6017,Phari Lapcha
32.38736,77.78784,6015,Peak 6015
28.24059,89.81754,6015,切古东
29.92053,81.21721,6015,Karkot
-8.86585,-77.59848,6014,Pucajirca Central
-26.47910,-68.59073,6013,Cumbre Norte
32.30016,78.59355,6013,芒嘎
33.57560,76.10762,6013,Tarparun
-26.82316,-68.64706,6012,?
-26.53028,-67.05852,6012,Cerro Laguna Blanca(s)
28.79795,83.60645,6012,Thapa Peak
27.79954,86.92648,6012,?
27.66566,87.98977,6012,Nyukla Lachun
28.20988,87.66250,6012,亚木如
32.83803,76.94484,6011,Tharang II
32.55308,78.25125,6011,Thongsal
28.97979,97.50685,6011,抗尔玛
33.47790,76.65991,6010,H10 Sakamoto
28.94775,83.61443,6010,?
28.59608,85.00394,6010,?
27.53653,88.22023,6010,Tingchen Khang
28.01694,88.39026,6010,龙琼吓
29.62765,93.35104,6010,野东拉日
31.07455,81.26188,6010,འོད་དཔག་མེད
36.80725,84.91303,6010,?
27.82279,87.78618,6009,?
39.36988,73.12147,6008,пик Корженевского
38.18603,75.08632,6008,?
28.41146,84.99432,6008,Tewa Himal
31.08864,81.36403,6008,Sharma Ri
29.28210,83.87091,6007,?
28.36081,91.87519,6007,杰萨
30.16782,81.06175,6007,?
28.48071,84.22698,6005,?
28.61994,98.21043,6005,木孔雪山南峰
29.00591,97.64616,6005,扬巴必松
30.58541,88.47488,6005,拉龙岗日/ལྷ་ལུང་སྒང་རི
27.79813,86.89468,6004,?
29.64081,101.83073,6004,?
29.68359,101.87217,6004,?
36.75732,84.81807,6004,?
31.05488,81.31242,6002,因揭陀山
32.19562,77.38252,6001,Deo Tibba
-14.65666,-69.23010,6000,Nevado Chaupi Orco Sur
36.18551,72.36547,6000,Buni Zom IV
32.47187,77.47748,6000,?
32.82599,77.41341,6000,Pt 6000m
32.77007,78.05543,6000,?
33.60188,76.32306,6000,Puita
36.38679,74.65736,6000,Ladyfinger Peak
39.44832,73.48821,6000,Маркансу
29.57264,82.86516,6000,?
29.65390,82.93134,6000,?
29.54191,83.23677,6000,?
29.60436,83.26568,6000,?
29.61582,83.26500,6000,?
28.08033,86.20411,6000,拉灵雪山
27.81597,86.84347,6000,?
27.81627,86.85620,6000,?
29.03635,84.25073,6000,Dhechyan Kang
29.03417,84.26869,6000,?
27.78147,87.91380,6000,?
28.22709,89.85315,6000,卡典岗日
27.98208,91.47348,6000,?
28.39169,98.71940,6000,巴乌巴莫
30.53019,93.02193,6000,木泊则
28.64299,84.32348,5999,?
28.58197,84.86930,5996,查尊康日
-33.24475,-69.91748,5993,Cerro Polleras
28.47390,98.67806,5993,茨霜腊卡/ ཆུ་ཤྭ་ལ་ཁ།
38.56538,71.52227,5992,пик Арнавад
31.45092,100.22540,5992,卡瓦洛日
38.36697,72.29451,5990,Лапназар
28.33675,85.03970,5990,?
30.17512,80.92817,5990,?
30.00338,80.87202,5986,?
41.06018,77.68581,5982,Данков чокусу
30.19590,94.49058,5980,?
29.13814,82.75903,5978,?
38.95931,74.96799,5974,?
35.05449,74.56920,5971,لیلی چوٹی
-33.24657,-69.92169,5970,Cerro Polleras Oeste
-33.01582,-69.45493,5968,Cerro El Plata
-33.04562,-70.08620,5965,Nevado Juncal
-33.71668,-69.86420,5964,Cerro Marmolejo Norte
38.64755,71.62035,5963,пик Техарв
28.32613,85.04668,5961,Phyaphala Danda
29.11543,98.50487,5961,?
32.45709,77.03623,5960,Gupt Parbat
60.56785,-140.40569,5959,Mount Logan
41.00711,77.61506,5957,Космос
38.60922,75.44796,5955,?
-33.05202,-70.10157,5953,Nevado Juncal (Cumbre Chilena)
29.62058,82.56938,5953,?
28.38502,100.41704,5951,夏诺多吉
38.19164,73.31429,5951,пик Сарезский
29.32175,94.74918,5950,?
-21.64813,-68.39366,5949,Cerro Polapi
28.01788,86.08065,5947,?
39.11983,72.20688,5940,Комсомольской Правды
27.95925,86.10811,5940,Chaduk Bhir?
29.91733,80.80823,5940,?
29.94987,80.85602,5940,?
38.76392,72.06840,5939,пик Высота
27.52745,88.22290,5936,Jopuno
-33.71529,-69.83839,5934,Cerro Marmolejo Este
27.71645,86.79233,5932,?
-33.50917,-69.83390,5928,?
-13.36084,-72.59351,5928,Tukarway
31.45789,100.20150,5928,卡瓦洛日
-33.05191,-70.09414,5925,Nevado Juncal (Cumbre Sur)
29.12690,82.76197,5925,?
29.95687,102.03522,5924,白海子山
31.31555,103.01723,5922,大黄峰
-13.24767,-72.82070,5918,Saksarayuq
35.67921,72.77963,5918,Falak Sher
28.01185,86.13823,5918,?
29.68620,96.11309,5917,滚多曲巴四滚
30.00170,102.04720,5917,笔架山三屏峰
28.82808,82.61690,5916,Hiūnchuli Pātan
63.09747,-151.00648,5913,North Peak
29.62013,82.55838,5912,Syānāṭh
63.07376,-151.01989,5911,Archdeacons Tower
29.94729,80.85488,5910,?
28.61803,84.33338,5905,?
28.27738,85.18718,5903,Paldor
-16.18703,-71.51438,5900,Fátima
39.23667,71.91097,5900,Сат
29.13030,82.72739,5900,?
27.67550,86.87408,5900,?
28.27909,85.18122,5900,?
29.94025,102.05224,5900,?
31.11357,102.90359,5900,幺妹峰北卫峰
35.81809,70.49359,5898,?
-3.07641,37.35400,5895,Uhuru Peak
39.01412,71.53679,5895,пик Тиндаля
28.04885,86.08721,5890,?
28.34264,84.67328,5890,?
29.12605,82.70664,5888,?
-31.62640,-69.87649,5887,Cordillera de Ansilta
-31.62550,-69.87721,5887,Pico 2 de Ansilta
36.29032,74.05583,5887,Shani Peak
28.32796,97.53497,5881,ခါကာဘိုရာဇီ
35.54556,74.88389,5880,Dofana
28.57041,84.85712,5880,Lapchung
30.00988,102.04024,5880,笔架山
27.77192,86.66010,5878,Nupla
29.99289,102.04838,5878,蛇海子山
-33.04770,-70.09124,5877,?
39.01400,71.50380,5877,Агашидзе
28.42120,98.70448,5877,帕巴乃丁吉著
27.77799,86.65402,5875,?
32.48607,77.20287,5870,Gepang Goh
-33.49628,-69.83196,5868,?
-16.51877,-67.81738,5868,Mururata
27.73353,88.49367,5868,Lama Angden
39.08767,71.97354,5867,пик Бабушкина
29.11499,82.75247,5865,?
38.26319,71.81879,5864,Чирингяд
29.96588,102.04120,5864,白海子山北卫峰
32.34215,77.04152,5860,Hanuman Tibba
42.18779,79.96271,5860,пик Петровского
29.90567,93.75488,5859,雪巴日
-33.78844,-69.89585,5856,Volcán San José
28.84053,82.62614,5854,?
-8.68857,-77.77544,5850,Champará
38.55776,71.55380,5850,пик Черный
28.04712,86.21496,5850,?
39.21122,74.55802,5847,?
28.90359,98.38366,5841,茸棍
-16.20123,-71.50590,5840,Ángel
38.26747,72.71340,5840,?
27.96802,86.10719,5833,?
27.51589,88.23883,5833,?
28.32446,98.74569,5832,纳松秋根
36.75796,71.79559,5830,?
28.26509,85.19193,5828,?
27.51156,88.28119,5825,Narsing
-16.29648,-71.41065,5822,El Misti
-33.78940,-69.90178,5820,?
-1.47339,-78.80457,5820,Cumbre Politécnica
35.53243,75.46880,5820,B21
39.12070,72.24809,5820,Шильбе
41.00924,77.60812,5820,Рототаева
-33.79419,-69.89284,5814,?
28.01174,86.08544,5813,?
28.00505,86.09214,5812,?
27.70004,86.78002,5808,?
29.42726,96.01111,5805,?
29.43205,96.02004,5805,?
29.43379,96.02973,5805,?
-20.93858,-68.41281,5800,Cerro Paroma
27.66704,86.86521,5800,?
29.93762,80.85040,5800,?
30.01749,102.04136,5800,笔架山北峰
-28.95937,-69.75504,5795,Nevado de Los Tambillos
-28.95919,-69.75519,5795,Nevado de los Tambillos
29.31920,101.95777,5793,神仙梁子
28.86182,83.70510,5788,?
30.18283,94.70242,5782,普莫邦敦Pumobunju
28.88082,98.39839,5780,那拉腊卡
28.42755,98.57629,5775,崩匈腊卡
39.03588,72.23908,5774,пик Черепанова
-13.37779,-72.74120,5771,Kiswar
29.39897,94.89887,5770,?
30.01373,95.74036,5768,多木格
36.15252,70.67003,5766,?
38.70931,71.52788,5764,Советских Олимпийцев
36.18004,70.68329,5741,?
-33.76875,-69.90294,5740,San José Norte
30.26767,101.96028,5740,莲花雪山
28.11688,85.50668,5734,?
30.58757,102.16861,5734,夹金山
27.99361,86.09945,5730,?
38.70811,75.34628,5725,?
28.61497,83.46415,5724,Ruyachaur Dhuri
-31.76396,-69.90829,5721,Pico 7 de Ansilta
-33.15186,-70.06368,5720,Cerro Risopatrón
31.32102,103.02430,5716,大黄峰东卫峰
28.44229,98.56259,5715,那拉腊卡
31.30247,103.02483,5714,大黄峰南卫一
30.07911,94.85619,5713,约里隆
29.19071,82.58217,5700,?
42.14991,79.63080,5697,пик Нансена
29.80332,101.96384,5696,多龙果
31.28690,103.02698,5696,大黄峰南卫二
29.61274,82.55682,5690,?
29.75850,95.74874,5688,度帕里莫拉
29.74789,95.80395,5688,森格日（森格康拉Shingikangla）
10.83895,-73.68658,5685,Pico Cristóbal Colón
-33.23924,-69.91629,5683,Polleras Antecumbre Norte 1
-13.16433,-72.32664,5682,Willka Wiqi
28.26759,85.18621,5680,?
27.69987,86.77497,5674,Gonggila
29.49887,101.93974,5672,大雪山
29.98245,102.05101,5672,蛇海子南卫峰
29.11315,82.77008,5662,?
-33.14971,-70.05851,5656,?
-32.30426,-69.68112,5651,Cerro del Tambillo
39.16798,74.89211,5650,?
10.83487,-73.69052,5648,Pico Simón Bolívar
30.17850,94.76702,5648,打巴西里
31.32685,103.02005,5647,大黄峰北卫一
-29.76133,-70.10998,5645,Cerro Doña Ana
30.20181,79.84492,5645,Bhanoti
-21.40678,-68.50147,5644,Cerro Chela
27.51667,88.22426,5640,?
29.09637,82.80126,5639,?
36.21700,70.70725,5637,?
32.39434,76.67241,5634,Mani Mahesh Kailash
-33.76606,-69.91348,5632,Volcán La Engorda
29.77599,95.65094,5631,坎甲纳日帕
30.62332,102.18242,5626,锅圈梁
27.68883,86.78547,5622,?
29.80256,101.97514,5622,雅家梗山
35.80191,75.29003,5621,Barganchu
39.62085,70.71921,5621,Скалистый
39.29958,74.13191,5620,?
29.74197,95.75890,5620,?
29.94854,102.02372,5612,?
30.57083,102.14387,5612,青杠湾梁子
28.38257,84.75972,5600,?
27.60254,89.36107,5600,?
28.64242,83.70880,5596,?
10.84076,-73.70565,5594,Pico Simmonds
27.09841,100.17670,5590,玉龙雪山
29.93465,95.28827,5590,卡木拉
32.67586,103.84683,5588,雪宝顶/ ཤར་དུང་རི།
29.93328,81.69739,5580,?
29.94446,95.71190,5579,古通
42.23179,79.79284,5576,пик 1000-летия Казани
28.48092,84.26578,5572,?
-1.47465,-78.79801,5570,C. Nicolás Martínez
28.34299,84.67989,5570,?
42.35324,80.62786,5570,哈里周哈拉
-30.48144,-70.26683,5568,Cerro Volcán
28.86997,82.61461,5568,?
-33.17772,-70.06102,5567,Cerro Tronco
36.14168,70.83285,5567,?
28.47377,83.92753,5553,Mardi Himal
-20.91911,-66.03621,5552,Cerro Chorolque
-32.31467,-69.72160,5550,Cerro Barauca
-27.21310,-66.09381,5550,Cerro del Bolsón
28.37252,99.40114,5545,巴拉格宗雪山
39.44879,71.08278,5544,Тамдыкул чокусу
28.82244,82.60666,5544,?
28.05007,85.90877,5540,章尼巴康日
29.81202,81.19268,5540,?
28.10439,85.47228,5535,?
-13.92032,-74.01916,5532,Chinchica
29.11583,98.05928,5531,横断山
39.49983,71.09686,5529,Снежный Шатёр
31.61790,103.00179,5527,雪隆包
27.52601,88.25721,5526,?
30.18585,101.99325,5518,滑山
38.44756,75.58663,5513,?
29.91918,81.70838,5510,?
35.41726,72.71876,5509,Mankial Sar
35.41708,72.71883,5509,Mankial Sar
39.56546,70.21953,5509,Пирамида
29.10534,98.08279,5507,楚孜
29.97654,102.05142,5504,?
-32.89893,-69.42594,5490,Cerro Blanco
-27.32369,-66.18896,5489,Cerro Nevado del Candado
60.29345,-140.93074,5489,Mount Saint Elias
39.19788,68.19559,5489,Чимтарга
39.24104,72.18470,5486,Гезель
-13.88396,-74.00663,5483,Wacramarca
27.50946,88.22146,5480,?
32.09826,77.40622,5470,Ali Ratni Tibba
-33.97572,-69.88115,5468,Cerro Castillo
-29.23375,-69.47199,5467,Cerro Imán
35.64438,74.77897,5448,Bariokhal Shish
29.30053,101.99209,5446,?
43.80154,88.33498,5445,博格达峰
32.64181,103.88569,5443,小雪宝顶
-31.47168,-69.79465,5442,Cerro de Los Manantiales
27.71782,88.71336,5441,?
32.08146,77.43272,5429,South Malana Peak
34.16459,75.32694,5425,Kolahoi Peak
-33.23684,-70.21445,5424,Cerro El Plomo
28.50347,84.26660,5422,?
-13.40268,-72.66778,5418,Amparay
42.36225,80.74449,5418,?
30.20668,102.33187,5412,大坪山
28.99942,82.39653,5410,Bhalu Lek
36.77911,71.45044,5409,کوه چوک شاخ
-30.55776,-70.03380,5406,Cerro Cortadera
-33.68726,-69.98825,5404,Cerro Loma Larga
39.62364,70.70878,5402,?
27.63444,86.86369,5400,Dobato
39.64739,70.70059,5398,Боец
38.56670,75.74313,5397,?
27.32190,100.10599,5396,哈巴雪山
38.08095,71.70280,5394,Ханым
28.87416,82.70633,5394,?
30.17936,101.99568,5394,?
28.85433,82.70432,5388,?
27.94206,86.12360,5387,?
30.35158,102.04453,5387,加米峰
29.08521,82.81150,5386,?
-33.96328,-69.85331,5385,Cerro Manchado
-33.68698,-69.99385,5385,Cerro Loma Larga Oeste
30.57556,102.42555,5380,石喇嘛
-33.68642,-69.98495,5375,Cerro Loma Larga Este
-33.23213,-70.22285,5370,Punta Parsifal
-33.03025,-69.42394,5367,Cerro Negro
29.03736,102.18631,5366,令牌山
-13.35153,-72.82091,5365,Quriwayrachina
2.92314,-76.02780,5364,Pico Central
30.78127,102.99065,5364,大雪塘
43.78953,88.41133,5362,博格达二峰
-13.16422,-72.37117,5361,Waqaywillka
41.84930,79.58539,5361,Майбаш
2.94116,-76.02912,5354,Pico Norte
30.77429,102.99417,5354,?
-33.21741,-70.21853,5352,Cerro Littoria
-33.20682,-70.21145,5352,Cerro Fickenscher
28.99566,82.39533,5350,?
30.77511,102.99974,5350,大雪塘次峰
30.21863,102.05978,5344,?
30.47906,102.41544,5338,武檀雪山
-33.27473,-70.05090,5335,Cerro Roth
34.62260,76.24580,5335,Junkor
27.65676,86.77982,5329,?
27.92796,86.12453,5328,Milke
38.43496,75.63297,5323,?
32.09003,77.39049,5320,Manikaran Spires Pt. 5320
-13.17104,-72.40621,5319,Nevado Bonanta
-1.68459,-78.42280,5319,Obispo
31.45274,103.39928,5313,小雪隆包
-11.89658,-74.85021,5312,Nevado Lalaccotuna
28.89729,82.70925,5310,?
30.70330,101.81107,5310,万年雪梁子
39.14942,68.31870,5306,Большая Ганза
62.96051,-151.39865,5303,Mount Foraker
30.77070,102.99137,5300,?
39.18630,71.79793,5299,Ширвоза
27.66065,86.78233,5291,?
34.82300,73.72491,5290,Malika Parbat
43.43804,86.08550,5289,河源峰
43.79408,88.39680,5288,博格达三峰
43.79485,88.32292,5287,博格达四峰
2.93508,-76.02739,5284,Pico La Cresta
38.58265,75.58873,5271,?
39.47066,71.08008,5270,?
-34.16382,-69.83183,5264,Volcán Maipo
-1.65887,-78.42378,5260,Canónigo
28.36673,84.76890,5260,?
-1.66659,-78.41787,5259,Canon
27.52828,88.31905,5259,Siongsilit
-33.68261,-70.03534,5257,Cerro Mesón Alto
-33.68450,-70.03417,5253,Punta Gervasutti
39.32133,70.06012,5250,Тутеклик
39.44238,71.09262,5250,?
61.02157,-140.46600,5240,Mount Lucania
-13.55810,-72.92994,5235,Nevado Ampay
34.62239,76.22671,5235,Junkar 17627
19.17609,-98.64076,5230,Iztaccíhuatl
19.17625,-98.64064,5230,Pecho Iztaccíhuatl (Cumbre)
30.86968,102.05997,5216,哥妈峰
4.65881,-75.32963,5215,Nevado del Tolima
43.78979,88.30996,5213,博格达五峰
38.07002,71.97701,5212,Хацвор
43.05222,43.13318,5205,Дыхтау
29.95483,80.79605,5200,?
-33.70362,-69.99846,5197,Cerro Cortaderas
-1.67462,-78.40915,5193,Tabernáculo
42.99932,43.11313,5193,Шхара / შხარა
-33.68840,-70.03412,5190,Punta Saavedra
-34.75403,-69.97191,5189,Cerro Sosneado
-0.15346,37.30929,5188,Nelion
36.35400,74.80353,5184,Attabad Peak
-8.84196,-78.00583,5181,Coñocranra
43.04939,43.13548,5180,Восточная Дыхтау
43.78442,88.33701,5180,博格达六峰
-34.28665,-70.03284,5174,Cumbre Principal
60.58306,-140.65389,5173,King Peak
-34.28510,-70.00714,5165,Cumbre Argentina
28.87760,82.61146,5160,?
30.31464,102.41402,5157,?
43.05003,43.21347,5152,Коштантау
39.18986,68.29361,5152,Бодхона
-32.92592,-69.41628,5150,Cerro Agustín Álvarez
28.08380,85.44343,5150,Surya Peak
30.09719,102.29995,5150,月亮弯弯岗
39.76696,71.26493,5147,пик Кольцова
-34.28396,-70.02438,5146,?
-11.91265,-74.82012,5142,Nevado Yanaulo
30.79345,103.00806,5136,?
-34.28042,-70.05244,5135,Cumbre Chilena
28.00981,98.48071,5128,嘎娃嘎普峰
-34.28235,-70.04353,5125,?
19.17317,-98.64090,5119,Peña Ordoñez
-34.28459,-70.06319,5113,Cumbre Oeste
30.23723,102.36641,5111,?
27.92168,86.14823,5110,Samling
0.38561,29.87295,5109,Margherita
19.16667,-98.63794,5108,Monte de Venus Iztaccíhuatl
27.91516,86.14439,5108,?
39.21084,68.20083,5106,Мирали
38.42313,71.37219,5097,Кухирузан
39.70262,44.30324,5095,?
0.38471,29.86998,5091,Alexandra
-34.28502,-70.01629,5090,?
0.38853,29.86947,5087,Albert
-34.28044,-70.05020,5086,?
2.90838,-76.02860,5085,Pico Sur
34.40392,74.90201,5080,Harmukh
28.86310,82.60773,5080,?
29.01739,82.39297,5080,?
28.07466,85.44919,5080,?
-34.28422,-70.03764,5077,?
38.02754,71.58825,5075,Ёдуди
19.16416,-98.63820,5074,Segunda Rodilla Iztaccíhuatl
43.01832,43.05748,5074,მთავარი ჯანღა
61.09281,-140.31046,5073,Mount Steele
-25.07417,-65.85179,5070,Cerro Malcante
42.99887,43.08970,5069,დასავლეთი შხარა
27.65107,88.53056,5064,?
36.25694,69.79277,5060,?
43.01904,43.05148,5059,დასავლეთი ჯანღა
42.69694,44.51811,5054,მყინვარწვერი - Казбек
28.08031,85.43202,5053,Gosainkund Ri
39.21164,68.28380,5049,Чапдара
19.16244,-98.63708,5047,Primera Rodilla Iztaccíhuatl
43.04868,43.13969,5047,Пушкина
43.04492,43.15029,5047,Мижирги
39.14086,68.33186,5039,Линкор
43.01280,43.07077,5033,ჯანღა
36.11751,70.09836,5032,?
32.59915,76.41777,5030,Chandrani
29.70797,81.09994,5030,?
38.38702,71.33721,5028,Кухигаранга
38.05243,71.76930,5027,Вужир
39.19062,68.26917,5020,Замок
42.69634,44.51186,5015,დასავლეთ მყინვარწვერი
-34.65081,-70.37223,5010,Alto de los Arrieros
28.61310,83.56202,5007,Sarpang Dhuri
-28.93723,-69.97417,4998,Cerro Las Palas
43.04450,43.15419,4992,Восточный Мижирги
41.92486,79.22065,4990,?
31.54351,103.85316,4989,狮子王
32.24582,76.48694,4982,Dhaula Trishul
43.02960,43.03634,4979,კათინთაუ
8.54114,-71.04827,4978,Pico Bolívar
43.34135,42.40610,4976,?
31.55892,103.84141,4969,九顶山
32.25023,76.48397,4968,Dhaula Trishul 2
32.25191,76.48249,4965,Dhaula Trishul 3
61.72514,-143.38875,4964,Mount Blackburn East Summit
-34.66028,-70.37936,4961,Cerro Portillo
-34.67237,-70.37945,4957,Torre Central
35.37589,72.51205,4955,Godar Sar
28.06694,85.41368,4950,?
8.54975,-70.99643,4942,Pico Humboldt
8.54979,-70.99568,4940,Pico Ruíz Terán
8.55521,-71.02649,4922,Pico La Concha
-34.67134,-70.37859,4920,Torres del Brujo
27.52846,88.35120,4916,Paki Lhu
35.18165,69.64416,4915,?
43.04545,43.14803,4909,Боровикова
36.28555,69.83220,4897,?
42.52089,74.57155,4895,пик Семёнова-Тянь-Шаньского
-34.15969,-70.16500,4890,Torre de Flores
-4.07860,137.15861,4884,Puncak Jaya
-34.14023,-70.16588,4883,Nevado de Flores
8.53128,-71.05364,4880,Pico Espejo
8.54267,-71.00428,4873,Pico Bonpland
43.00314,43.12677,4866,Шхара Восточная
-34.66953,-70.37654,4860,Torre Norte
43.04801,43.02577,4860,გისტოლა
43.00780,43.07170,4859,მყინვარი შოთა რუსთაველი
43.02481,43.04444,4859,?
43.03067,42.99329,4858,თეთნულდი
-78.40000,-85.91667,4852,Mount Tyree
43.81990,85.13625,4852,?
35.38880,72.52758,4850,Kar Bela
61.23300,-140.51222,4842,Mount Wood
29.18011,102.05129,4840,鹅脚大牛场
31.93592,77.39963,4833,Basuber
36.37559,50.96167,4826,علم‌ کوه
-24.08643,-65.57405,4820,?
27.51118,87.46010,4818,?
31.43423,103.78985,4816,太子城
60.33522,-139.69298,4812,Mount Vancouver
38.26813,47.83699,4811,سبلان
28.88149,82.57531,4810,?
28.87968,82.57766,4810,?
28.05581,85.40466,4810,?
45.83271,6.86517,4807,Mont Blanc / Monte Bianco
-33.78201,-69.45320,4804,Cerro Los Tapones
32.24666,76.46334,4791,गौरी झुंडा
28.72930,102.37917,4791,铧头尖
28.71899,82.76008,4790,?
38.87901,75.33418,4788,?
42.71850,44.41656,4780,ჯიმარა
-0.17453,-78.60072,4776,Guagua Pichincha
-34.16278,-70.15371,4762,Punta Ventisquero
-4.70844,140.28927,4760,Mandala
32.23306,76.50013,4759,तालंग जोत
-33.37528,-70.08858,4756,Alto del Coironal
34.03982,69.90337,4755,سیکرم
45.82838,6.86967,4748,Monte Bianco di Courmayeur
35.49855,74.38833,4746,?
-34.69266,-70.38302,4740,Cerro El Brujo
30.97246,101.79478,4740,?
8.52900,-71.09080,4727,Pico El Toro
32.26823,76.47664,4725,जोतनु
43.12429,42.65856,4710,სამხრეთ უშბა
38.97199,70.69062,4700,Кавдал
-34.69606,-70.39017,4697,Brujo S/W
43.12768,42.66481,4697,ჩრდილოეთი უშბა
29.28086,102.08771,4694,江官山
43.85905,85.14731,4689,?
43.07919,43.22035,4681,Думалатау
45.83288,6.85991,4677,Rocher de la Tournette
27.50925,87.47166,4677,?
43.07215,43.20657,4675,Уллу-Ауз
58.90637,-137.52611,4671,Mount Fairweather
39.36309,71.35163,4670,?
39.23213,68.10549,4665,Сарышах
-11.92311,-74.48755,4662,?
32.28749,76.39066,4650,Mun Peak
29.00273,82.46711,4650,?
42.77506,43.80422,4649,Уилпата
-33.73021,-70.06415,4647,Cerro El Morado
28.82928,82.53946,4640,?
42.74260,44.40587,4636,Шаухох
45.93692,7.86676,4634,Dufourspitze
45.93688,7.86777,4631,Dunantspitze
45.93672,7.86844,4618,Grenzgipfel
43.86757,85.02320,4617,?
43.84395,85.23986,4615,?
43.84899,85.21595,4611,?
45.94199,7.86993,4609,Nordendspitze
31.42364,103.88820,4582,光光山
27.66081,96.69935,4578,Dapha Bum
39.30867,68.39612,4576,Дегруд
45.94113,7.86950,4570,?
27.22583,91.80288,4570,?
38.87317,75.35671,4566,?
45.93217,7.87141,4562,Zumsteinspitze
43.08071,43.22717,4561,Думалатау
60.31943,-139.07213,4557,Mount Hubbard
45.92716,7.87714,4554,Punta Gnifetti / Signalkuppe
-28.25499,-66.03502,4552,Cerro El Manchao
45.93991,7.86928,4550,?
42.95732,43.17941,4547,აილამა / Айлама
45.83523,6.85591,4547,Petite Bosse
46.09391,7.85887,4545,Dom
45.93895,7.86907,4540,?
42.76249,43.78333,4536,Дубль-пик
42.79501,43.76745,4529,Караугом Восточная
-33.40024,-70.08891,4528,Alto del Chacayal
45.92248,7.83559,4527,Liskamm Ostgipfel
27.57653,100.31071,4520,美鲁各古
39.17723,68.40384,4517,?
39.17688,68.40718,4517,Сароф
35.41948,74.52225,4515,Jabardar
45.83606,6.85460,4513,Grande Bosse
28.03514,85.39120,4510,?
-5.78000,145.02958,4509,Mount Wilhelm
49.80707,86.58991,4509,Белуха
61.00352,-140.01700,4507,Mount Walsh
46.10125,7.71607,4505,Weisshorn
28.94961,82.38708,4500,?
42.57397,45.31469,4494,თებულოსმთა / Туьлой-Лам
42.99365,43.39575,4491,Гюльчи
46.08343,7.85719,4490,Täschhorn
42.93247,43.21064,4484,Черная Незнакомка
32.31832,76.35985,4480,?
45.92650,7.82323,4479,Liskamm Westgipfel
46.09442,7.85671,4479,?
45.97643,7.65860,4478,Matterhorn
46.09591,7.86205,4468,Grand Gendarme
45.84744,6.87599,4465,Mont Maudit / Monte Maudit
45.82191,6.86513,4460,Picco Luigi Amedeo
45.92614,7.82658,4459,?
43.19481,42.51455,4454,Донгуз-Орун Главный / ბაბისმთა
42.67603,44.75628,4452,Шан / შანი
-4.41949,139.73561,4450,Valentijn
45.92701,7.82043,4447,Liskamm westlicher Vorgipfel
45.91989,7.87141,4443,Parrotspitze / Punta Parrot
62.95138,-151.09395,4442,Mount Hunter
43.19085,42.52213,4442,Донгузорун Восточный / აღმოსავლეთი ბაბისმთა
-28.39527,-66.06002,4440,Cerro Negro
38.12615,70.33981,4440,Kuhifrush
27.47597,87.46094,4440,?
49.80270,86.57070,4437,Северный бугор
49.79711,86.56735,4436,Белуха Западная
42.73372,44.13174,4431,Тепли
45.92540,7.82898,4430,Sattelkuppe
40.37275,74.04925,4430,Каратума
43.19938,42.51123,4430,Донгузорун Западный
-15.51842,-68.53772,4428,Uma Manqha
38.84843,68.49125,4427,Ходжамафрач
30.95118,51.43592,4413,دنا
61.32710,-141.78698,4411,University Peak
43.13836,42.67905,4411,Чатынтау / ჩათინთაუ
41.41183,72.91233,4410,?
42.74666,43.86914,4408,Адайхох
30.96225,51.42419,4407,مورگل
46.08561,7.85806,4404,?
61.36512,-141.90259,4403,Aello Peak
42.66704,44.75529,4400,"жандарм ""Большой"""
46.85287,-121.76041,4392,Columbia Crest
30.93747,51.45167,4392,سه قپ آسمانی
30.93276,51.46916,4387,ماش
30.94090,51.44777,4379,قزل
43.14540,42.65134,4368,Восточная Шхельда / აღმოსავლეთ შხელდა
-30.28959,-70.54131,4365,Cerro Potrerito
42.78333,43.69838,4364,Бурджула
27.41994,102.40386,4358,螺髻山
39.17667,68.42026,4356,Кораблики
60.60639,-140.21361,4344,McArthur Peak
45.91671,7.86348,4342,Ludwigshöhe
43.00147,43.39211,4342,Рцывашки
27.86701,86.16270,4340,?
39.18041,68.45355,4338,Шамо
45.92174,7.84369,4335,Cima di Scoperta
34.76627,73.15692,4333,Ganja Sar
30.94369,51.44992,4330,هرم
46.10722,7.71177,4329,Grand Gendarme
46.10888,7.86406,4327,Nadelhorn
46.10903,7.86401,4325,Nadelhorn Vorgipfel
45.91497,7.86198,4322,Corno Nero
43.13520,42.66929,4320,Малая Ушба / პატარა უშბა
45.93758,7.29922,4314,Grand Combin de Grafeneire
30.94547,51.43618,4313,بن رود
42.73582,44.14041,4305,Тепли Восточный
45.84258,6.84347,4304,Dôme du Goûter
46.84581,-121.76721,4302,Point Success
31.05258,51.34713,4301,کل قدویس
60.34088,-138.96902,4300,Mount Kennedy
28.23501,84.98247,4300,?
46.86302,-121.77488,4297,Liberty Cap
46.10454,7.86860,4294,Lenzspitze
60.30808,-140.45821,4289,Mount Augusta
45.85005,6.87246,4287,Pointe Mieulet
42.48829,45.77514,4285,Диклос-Мта / დიკლოსმთა
-12.91766,-72.56737,4284,?
19.49419,-97.14782,4282,Cofre de Perote
36.24632,69.44198,4282,?
27.86209,86.15984,4280,?
31.05122,51.34904,4279,کل شیدا
43.14262,42.67220,4277,Щуровского / შჩუროვსკის
42.49086,45.77928,4275,Диклосмта Восточная
46.53735,8.12611,4274,Finsteraarhorn
31.04977,51.35049,4268,کل بلبل
39.79817,70.86446,4264,?
30.78866,51.64924,4262,پازن پیر
45.94067,7.30124,4260,Aiguille du Croissant
42.87870,43.48681,4258,წითელი
45.84679,6.84338,4258,Pointe Bayeux
45.92019,7.85975,4256,?
45.85659,6.88852,4248,Mont Blanc du Tacul
45.82785,6.87979,4243,Grand Pilier d'Angle
46.11150,7.85950,4241,Stecknadelhorn
42.48858,45.77303,4240,Диклосмта Узловая / დიკლოსმთა გზაჯვარედინი
60.35250,-139.07482,4238,Mount Alverstone
34.86374,69.92384,4237,?
62.92046,-151.06707,4233,Mount Stevens
-4.15024,137.94917,4220,?
46.11255,7.85388,4219,Hohberghorn
63.62017,-146.71789,4216,Mount Hayes
45.90811,7.86131,4215,Piramide Vincent
43.87007,85.29500,4213,?
45.86816,6.98898,4208,Grandes Jorasses / Pointe Walker
43.85978,85.28150,4208,?
41.40546,-122.19776,4206,Misery Hill
45.86881,6.98802,4203,Walkerpfeiler
46.11049,7.71109,4203,?
43.74104,-110.80244,4199,Grand Teton
60.18197,-139.98109,4196,Mount Cook
42.49330,45.78293,4189,?
45.93801,7.29019,4184,Combin de Valsorey
42.74863,44.14842,4182,Калота
45.86876,6.98498,4180,Pointe Whymper / Punta Whymper
36.51172,50.69861,4176,سیالان
13.35382,38.53200,4173,Hay
27.51808,87.66831,4170,?
31.05983,-7.91494,4167,Jbel Toubkal جبل توبقال
3.71480,-74.04138,4165,Saliente del Guape
46.53677,7.96259,4158,Jungfrau
-5.95379,146.37524,4155,Mount Boising
58.90835,-137.45173,4150,Mount Quincy Adams
46.11792,7.71496,4149,Bishorn
41.32702,47.79924,4142,Шалбуздаг
37.48567,44.00454,4135,Uludoruk Dağı
45.94288,7.31113,4135,Combin de la Tsessette
46.11869,7.71802,4134,Pointe Burnaby
36.27970,69.49221,4133,?
42.81248,43.63831,4132,Цихварга
42.74915,43.90967,4123,Лагау
25.64894,100.09801,4122,马龙峰
45.93459,6.97002,4121,Aiguille Verte
42.74832,44.04413,4117,Цмиакомхох Главная
45.94305,7.30457,4117,?
45.85458,6.89097,4114,L'Isolée
45.82338,6.88175,4112,Aiguille Blanche de Peuterey - Centrale
45.86924,6.98213,4110,Pointe Croz / Punta Croz
45.85455,6.89178,4109,Pointe Carmen
46.55851,7.99727,4107,Mönch
-6.06037,144.61538,4104,Mount Kabangama
44.92216,6.35955,4102,Barre des Écrins
45.93449,6.97275,4102,Grande Rocheuse
37.94183,70.32527,4102,کوه کلات
-6.37376,-79.23715,4100,Cerro Mishahuanga
28.72229,95.16977,4100,Eko Dumbing
45.82305,6.88408,4099,Aiguille Blanche de Peuterey - Sud
41.54808,74.06501,4099,?
45.82375,6.88126,4098,Aiguille Blanche de Peuterey - Nord
45.85453,6.89206,4097,Pointe Médiane
25.65621,100.10130,4097,玉局峰
6.07507,116.55870,4095,Gunung Kinabalu
61.52194,-141.10111,4095,Mount Natazhat
25.67231,100.09233,4092,小岑峰
25.66769,100.09641,4092,龙泉峰
25.67007,100.09385,4088,中和峰
46.53965,7.96334,4085,Wengen Jungfrau
5.04473,-76.15445,4080,?
6.45677,-76.12224,4080,Alto Campana
27.46026,86.94118,4080,Siluchho
45.85441,6.89305,4074,Pointe Chaubert
45.81760,6.86502,4069,Mont Brouillard
31.34792,103.81499,4069,?
15.04034,-91.89904,4065,Cerro Concepción
45.86857,6.97786,4065,Pointe Marguerite / Punta Margherita
5.16492,-76.09461,4064,Cerro Tatamá
45.85434,6.89334,4064,Corne du Diable
42.74414,44.04530,4062,Цмиакомхох Центральная
45.51782,7.26720,4061,Gran Paradiso
61.34183,-141.94364,4060,Ocypete Peak
-3.75838,137.31109,4060,Ngga Nggulumbulu
37.49808,43.95932,4060,suppa durek
27.08624,91.78134,4059,?
-46.59573,-73.34514,4058,Monte San Valentín
45.51724,7.26815,4058,Madonna
45.51695,7.26846,4057,?
45.85135,6.85072,4057,Pointe Bravais
45.83605,6.81867,4052,Aiguille de Bionnassay
5.75887,-76.06180,4050,Cerro San Nicolás
43.24390,41.72577,4046,Домбай-Ульген главная
45.86876,6.97934,4045,Pointe Hélène / Punta Elena
45.82164,6.87480,4041,Pic Eccles
3.34416,-76.69565,4040,Pico Pance
-8.89279,147.53308,4038,Mount Victoria
42.76334,44.14861,4037,Пик Проскурякова
38.93102,42.83288,4029,?
37.48748,44.00138,4028,?
45.51472,7.26951,4026,Il Roc
10.96618,-73.36002,4020,Cerro Angimaloa
36.28740,51.35454,4017,وروشت
61.43758,-147.75150,4016,Mount Marcus Baker
38.92997,42.82410,4015,?
45.86435,6.96768,4015,Dôme de Rochefort
63.11572,-150.67507,4014,Mount Silverthrone
51.37371,-125.26353,4014,Mount Waddington
45.86190,6.95190,4013,Dent du Géant / Pointe Graham
46.12768,8.01198,4011,Weissmies
46.15706,8.00310,4010,Lagginhorn
42.92071,42.55647,4009,ლაილა
45.86168,6.95181,4009,Pointe Sella
38.92569,42.81103,4007,?
38.92688,42.81219,4004,?
43.23984,41.72182,4004,Западная Домбай-Ульген
-11.21841,-76.95782,4003,?
45.83721,6.83043,4002,Piton des Italiens
45.86210,6.95997,4001,Aiguille de Rochefort
-22.71729,-64.94003,4000,Cerro Galán
61.33845,-141.97050,4000,Celeno Peak
42.91525,42.55525,4000,ლაილა სამხრეთის
28.10517,85.11954,4000,?
28.10778,85.12643,4000,?
27.56772,87.11454,4000,?
27.37309,91.06695,4000,?
27.62370,91.11004,4000,?
-78.52542,-85.61713,4892,Vinson Massif
35.95528,52.10944,5609,Mount Damavand
19.03028,-97.26778,5636,Pico de Orizaba
-0.68389,-78.43778,5897,Cotopaxi
